Record Length,2.500000e+03,,   0.000041500000,   0.00000,
Sample Interval,1.000000e-08,,   0.000041510000,   0.00146,
Trigger Point,-4.150000000000e+03,,   0.000041520000,   0.00146,
,,,   0.000041530000,   0.00146,
,,,   0.000041540000,   0.00146,
,,,   0.000041550000,   0.00146,
Source,CH1,,   0.000041560000,   0.00146,
Vertical Units,V,,   0.000041570000,   0.00146,
Vertical Scale,3.640000e-02,,   0.000041580000,   0.00146,
Vertical Offset,0.000000e+00,,   0.000041590000,   0.00146,
Horizontal Units,s,,   0.000041600000,   0.00146,
Horizontal Scale,2.500000e-06,,   0.000041610000,   0.00000,
Pt Fmt,Y,,   0.000041620000,   0.00146,
Yzero,0.000000e+00,,   0.000041630000,   0.00146,
Probe Atten,1.000000e+00,,   0.000041640000,   0.00146,
Model Number,TDS2024B,,   0.000041650000,   0.00146,
Serial Number,C031482,,   0.000041660000,   0.00000,
Firmware Version,FV:v22.01,,   0.000041670000,   0.00146,
,,,0.000041680000,   0.00000,
,,,0.000041690000,   0.00146,
,,,0.000041700000,   0.00146,
,,,0.000041710000,   0.00000,
,,,0.000041720000,   0.00146,
,,,0.000041730000,   0.00146,
,,,0.000041740000,   0.00146,
,,,0.000041750000,   0.00146,
,,,0.000041760000,   0.00000,
,,,0.000041770000,   0.00146,
,,,0.000041780000,   0.00146,
,,,0.000041790000,   0.00146,
,,,0.000041800000,   0.00146,
,,,0.000041810000,   0.00000,
,,,0.000041820000,   0.00146,
,,,0.000041830000,   0.00000,
,,,0.000041840000,   0.00000,
,,,0.000041850000,   0.00146,
,,,0.000041860000,   0.00146,
,,,0.000041870000,   0.00146,
,,,0.000041880000,   0.00146,
,,,0.000041890000,   0.00146,
,,,0.000041900000,   0.00146,
,,,0.000041910000,   0.00146,
,,,0.000041920000,   0.00146,
,,,0.000041930000,   0.00146,
,,,0.000041940000,   0.00146,
,,,0.000041950000,   0.00000,
,,,0.000041960000,   0.00146,
,,,0.000041970000,   0.00146,
,,,0.000041980000,   0.00146,
,,,0.000041990000,   0.00146,
,,,0.000042000000,   0.00146,
,,,0.000042010000,   0.00146,
,,,0.000042020000,   0.00146,
,,,0.000042030000,   0.00146,
,,,0.000042040000,   0.00000,
,,,0.000042050000,   0.00146,
,,,0.000042060000,   0.00146,
,,,0.000042070000,   0.00000,
,,,0.000042080000,   0.00146,
,,,0.000042090000,   0.00000,
,,,0.000042100000,   0.00000,
,,,0.000042110000,   0.00000,
,,,0.000042120000,   0.00146,
,,,0.000042130000,   0.00146,
,,,0.000042140000,   0.00146,
,,,0.000042150000,   0.00146,
,,,0.000042160000,   0.00146,
,,,0.000042170000,   0.00146,
,,,0.000042180000,   0.00146,
,,,0.000042190000,   0.00000,
,,,0.000042200000,   0.00000,
,,,0.000042210000,   0.00146,
,,,0.000042220000,   0.00000,
,,,0.000042230000,   0.00000,
,,,0.000042240000,   0.00146,
,,,0.000042250000,   0.00146,
,,,0.000042260000,   0.00146,
,,,0.000042270000,   0.00000,
,,,0.000042280000,   0.00146,
,,,0.000042290000,   0.00000,
,,,0.000042300000,   0.00000,
,,,0.000042310000,   0.00146,
,,,0.000042320000,   0.00000,
,,,0.000042330000,   0.00000,
,,,0.000042340000,   0.00146,
,,,0.000042350000,   0.00146,
,,,0.000042360000,   0.00146,
,,,0.000042370000,   0.00146,
,,,0.000042380000,   0.00146,
,,,0.000042390000,   0.00146,
,,,0.000042400000,   0.00146,
,,,0.000042410000,   0.00146,
,,,0.000042420000,   0.00146,
,,,0.000042430000,   0.00146,
,,,0.000042440000,   0.00146,
,,,0.000042450000,   0.00146,
,,,0.000042460000,   0.00146,
,,,0.000042470000,   0.00146,
,,,0.000042480000,   0.00000,
,,,0.000042490000,   0.00000,
,,,0.000042500000,   0.00146,
,,,0.000042510000,   0.00146,
,,,0.000042520000,   0.00000,
,,,0.000042530000,   0.00146,
,,,0.000042540000,   0.00146,
,,,0.000042550000,   0.00146,
,,,0.000042560000,   0.00146,
,,,0.000042570000,   0.00000,
,,,0.000042580000,   0.00146,
,,,0.000042590000,   0.00146,
,,,0.000042600000,   0.00146,
,,,0.000042610000,   0.00000,
,,,0.000042620000,   0.00146,
,,,0.000042630000,   0.00146,
,,,0.000042640000,   0.00146,
,,,0.000042650000,   0.00000,
,,,0.000042660000,   0.00146,
,,,0.000042670000,   0.00146,
,,,0.000042680000,   0.00146,
,,,0.000042690000,   0.00146,
,,,0.000042700000,   0.00000,
,,,0.000042710000,   0.00146,
,,,0.000042720000,   0.00146,
,,,0.000042730000,   0.00146,
,,,0.000042740000,   0.00000,
,,,0.000042750000,   0.00000,
,,,0.000042760000,   0.00146,
,,,0.000042770000,   0.00146,
,,,0.000042780000,   0.00000,
,,,0.000042790000,   0.00146,
,,,0.000042800000,   0.00146,
,,,0.000042810000,   0.00146,
,,,0.000042820000,   0.00146,
,,,0.000042830000,   0.00146,
,,,0.000042840000,   0.00146,
,,,0.000042850000,   0.00146,
,,,0.000042860000,   0.00146,
,,,0.000042870000,   0.00000,
,,,0.000042880000,   0.00146,
,,,0.000042890000,   0.00146,
,,,0.000042900000,   0.00146,
,,,0.000042910000,   0.00146,
,,,0.000042920000,   0.00146,
,,,0.000042930000,   0.00146,
,,,0.000042940000,   0.00146,
,,,0.000042950000,   0.00146,
,,,0.000042960000,   0.00146,
,,,0.000042970000,   0.00146,
,,,0.000042980000,   0.00146,
,,,0.000042990000,   0.00146,
,,,0.000043000000,   0.00146,
,,,0.000043010000,   0.00146,
,,,0.000043020000,   0.00146,
,,,0.000043030000,   0.00146,
,,,0.000043040000,   0.00146,
,,,0.000043050000,   0.00000,
,,,0.000043060000,   0.00146,
,,,0.000043070000,   0.00146,
,,,0.000043080000,   0.00000,
,,,0.000043090000,   0.00000,
,,,0.000043100000,   0.00146,
,,,0.000043110000,   0.00146,
,,,0.000043120000,   0.00146,
,,,0.000043130000,   0.00000,
,,,0.000043140000,   0.00146,
,,,0.000043150000,   0.00146,
,,,0.000043160000,   0.00146,
,,,0.000043170000,   0.00000,
,,,0.000043180000,   0.00000,
,,,0.000043190000,   0.00146,
,,,0.000043200000,   0.00000,
,,,0.000043210000,   0.00000,
,,,0.000043220000,   0.00146,
,,,0.000043230000,   0.00146,
,,,0.000043240000,   0.00146,
,,,0.000043250000,   0.00146,
,,,0.000043260000,   0.00146,
,,,0.000043270000,   0.00146,
,,,0.000043280000,   0.00146,
,,,0.000043290000,   0.00146,
,,,0.000043300000,   0.00146,
,,,0.000043310000,   0.00146,
,,,0.000043320000,   0.00146,
,,,0.000043330000,   0.00000,
,,,0.000043340000,   0.00146,
,,,0.000043350000,   0.00146,
,,,0.000043360000,   0.00146,
,,,0.000043370000,   0.00146,
,,,0.000043380000,   0.00146,
,,,0.000043390000,   0.00146,
,,,0.000043400000,   0.00146,
,,,0.000043410000,   0.00146,
,,,0.000043420000,   0.00000,
,,,0.000043430000,   0.00146,
,,,0.000043440000,   0.00146,
,,,0.000043450000,   0.00146,
,,,0.000043460000,   0.00146,
,,,0.000043470000,   0.00146,
,,,0.000043480000,   0.00146,
,,,0.000043490000,   0.00146,
,,,0.000043500000,   0.00146,
,,,0.000043510000,   0.00000,
,,,0.000043520000,   0.00146,
,,,0.000043530000,   0.00000,
,,,0.000043540000,   0.00146,
,,,0.000043550000,   0.00146,
,,,0.000043560000,   0.00146,
,,,0.000043570000,   0.00146,
,,,0.000043580000,   0.00146,
,,,0.000043590000,   0.00146,
,,,0.000043600000,   0.00146,
,,,0.000043610000,   0.00146,
,,,0.000043620000,   0.00146,
,,,0.000043630000,   0.00146,
,,,0.000043640000,   0.00000,
,,,0.000043650000,   0.00146,
,,,0.000043660000,   0.00146,
,,,0.000043670000,   0.00146,
,,,0.000043680000,   0.00000,
,,,0.000043690000,   0.00000,
,,,0.000043700000,   0.00146,
,,,0.000043710000,   0.00146,
,,,0.000043720000,   0.00146,
,,,0.000043730000,   0.00146,
,,,0.000043740000,   0.00146,
,,,0.000043750000,   0.00146,
,,,0.000043760000,   0.00146,
,,,0.000043770000,   0.00146,
,,,0.000043780000,   0.00146,
,,,0.000043790000,   0.00000,
,,,0.000043800000,   0.00000,
,,,0.000043810000,   0.00146,
,,,0.000043820000,   0.00000,
,,,0.000043830000,   0.00146,
,,,0.000043840000,   0.00146,
,,,0.000043850000,   0.00146,
,,,0.000043860000,   0.00146,
,,,0.000043870000,   0.00146,
,,,0.000043880000,   0.00146,
,,,0.000043890000,   0.00146,
,,,0.000043900000,   0.00146,
,,,0.000043910000,   0.00146,
,,,0.000043920000,   0.00000,
,,,0.000043930000,   0.00000,
,,,0.000043940000,   0.00146,
,,,0.000043950000,   0.00000,
,,,0.000043960000,   0.00146,
,,,0.000043970000,   0.00146,
,,,0.000043980000,   0.00146,
,,,0.000043990000,   0.00146,
,,,0.000044000000,   0.00146,
,,,0.000044010000,   0.00146,
,,,0.000044020000,   0.00000,
,,,0.000044030000,   0.00000,
,,,0.000044040000,   0.00146,
,,,0.000044050000,   0.00000,
,,,0.000044060000,   0.00146,
,,,0.000044070000,   0.00000,
,,,0.000044080000,   0.00000,
,,,0.000044090000,   0.00146,
,,,0.000044100000,   0.00146,
,,,0.000044110000,   0.00146,
,,,0.000044120000,   0.00146,
,,,0.000044130000,   0.00000,
,,,0.000044140000,   0.00146,
,,,0.000044150000,   0.00146,
,,,0.000044160000,   0.00146,
,,,0.000044170000,   0.00000,
,,,0.000044180000,   0.00146,
,,,0.000044190000,   0.00146,
,,,0.000044200000,   0.00146,
,,,0.000044210000,   0.00146,
,,,0.000044220000,   0.00000,
,,,0.000044230000,   0.00146,
,,,0.000044240000,   0.00146,
,,,0.000044250000,   0.00000,
,,,0.000044260000,   0.00146,
,,,0.000044270000,   0.00000,
,,,0.000044280000,   0.00146,
,,,0.000044290000,   0.00146,
,,,0.000044300000,   0.00146,
,,,0.000044310000,   0.00146,
,,,0.000044320000,   0.00000,
,,,0.000044330000,   0.00146,
,,,0.000044340000,   0.00146,
,,,0.000044350000,   0.00146,
,,,0.000044360000,   0.00146,
,,,0.000044370000,   0.00146,
,,,0.000044380000,   0.00146,
,,,0.000044390000,   0.00146,
,,,0.000044400000,   0.00146,
,,,0.000044410000,   0.00000,
,,,0.000044420000,   0.00146,
,,,0.000044430000,   0.00146,
,,,0.000044440000,   0.00146,
,,,0.000044450000,   0.00146,
,,,0.000044460000,   0.00000,
,,,0.000044470000,   0.00000,
,,,0.000044480000,   0.00000,
,,,0.000044490000,   0.00146,
,,,0.000044500000,   0.00146,
,,,0.000044510000,   0.00146,
,,,0.000044520000,   0.00000,
,,,0.000044530000,   0.00000,
,,,0.000044540000,   0.00146,
,,,0.000044550000,   0.00146,
,,,0.000044560000,   0.00146,
,,,0.000044570000,   0.00146,
,,,0.000044580000,   0.00146,
,,,0.000044590000,   0.00146,
,,,0.000044600000,   0.00000,
,,,0.000044610000,   0.00146,
,,,0.000044620000,   0.00146,
,,,0.000044630000,   0.00146,
,,,0.000044640000,   0.00000,
,,,0.000044650000,   0.00000,
,,,0.000044660000,   0.00146,
,,,0.000044670000,   0.00146,
,,,0.000044680000,   0.00000,
,,,0.000044690000,   0.00000,
,,,0.000044700000,   0.00000,
,,,0.000044710000,   0.00000,
,,,0.000044720000,   0.00000,
,,,0.000044730000,   0.00000,
,,,0.000044740000,   0.00000,
,,,0.000044750000,   0.00146,
,,,0.000044760000,   0.00000,
,,,0.000044770000,   0.00000,
,,,0.000044780000,   0.00000,
,,,0.000044790000,   0.00000,
,,,0.000044800000,   0.00000,
,,,0.000044810000,   0.00000,
,,,0.000044820000,   0.00000,
,,,0.000044830000,   0.00000,
,,,0.000044840000,   0.00000,
,,,0.000044850000,   0.00000,
,,,0.000044860000,   0.00000,
,,,0.000044870000,   0.00000,
,,,0.000044880000,   0.00000,
,,,0.000044890000,  -0.00146,
,,,0.000044900000,  -0.00146,
,,,0.000044910000,  -0.00146,
,,,0.000044920000,  -0.00146,
,,,0.000044930000,  -0.00291,
,,,0.000044940000,  -0.00291,
,,,0.000044950000,  -0.00291,
,,,0.000044960000,  -0.00437,
,,,0.000044970000,  -0.00437,
,,,0.000044980000,  -0.00582,
,,,0.000044990000,  -0.00582,
,,,0.000045000000,  -0.00582,
,,,0.000045010000,  -0.00728,
,,,0.000045020000,  -0.00728,
,,,0.000045030000,  -0.00874,
,,,0.000045040000,  -0.00874,
,,,0.000045050000,  -0.01019,
,,,0.000045060000,  -0.01019,
,,,0.000045070000,  -0.01165,
,,,0.000045080000,  -0.01165,
,,,0.000045090000,  -0.01165,
,,,0.000045100000,  -0.01310,
,,,0.000045110000,  -0.01310,
,,,0.000045120000,  -0.01456,
,,,0.000045130000,  -0.01456,
,,,0.000045140000,  -0.01602,
,,,0.000045150000,  -0.01602,
,,,0.000045160000,  -0.01747,
,,,0.000045170000,  -0.01747,
,,,0.000045180000,  -0.01893,
,,,0.000045190000,  -0.01893,
,,,0.000045200000,  -0.02038,
,,,0.000045210000,  -0.02038,
,,,0.000045220000,  -0.02184,
,,,0.000045230000,  -0.02184,
,,,0.000045240000,  -0.02330,
,,,0.000045250000,  -0.02475,
,,,0.000045260000,  -0.02475,
,,,0.000045270000,  -0.02621,
,,,0.000045280000,  -0.02766,
,,,0.000045290000,  -0.02766,
,,,0.000045300000,  -0.02912,
,,,0.000045310000,  -0.03058,
,,,0.000045320000,  -0.03058,
,,,0.000045330000,  -0.03203,
,,,0.000045340000,  -0.03349,
,,,0.000045350000,  -0.03349,
,,,0.000045360000,  -0.03494,
,,,0.000045370000,  -0.03640,
,,,0.000045380000,  -0.03640,
,,,0.000045390000,  -0.03786,
,,,0.000045400000,  -0.03786,
,,,0.000045410000,  -0.03931,
,,,0.000045420000,  -0.03931,
,,,0.000045430000,  -0.03931,
,,,0.000045440000,  -0.04077,
,,,0.000045450000,  -0.04077,
,,,0.000045460000,  -0.04077,
,,,0.000045470000,  -0.04077,
,,,0.000045480000,  -0.04077,
,,,0.000045490000,  -0.04222,
,,,0.000045500000,  -0.04222,
,,,0.000045510000,  -0.04222,
,,,0.000045520000,  -0.04077,
,,,0.000045530000,  -0.04077,
,,,0.000045540000,  -0.04077,
,,,0.000045550000,  -0.04077,
,,,0.000045560000,  -0.04077,
,,,0.000045570000,  -0.04077,
,,,0.000045580000,  -0.03931,
,,,0.000045590000,  -0.03931,
,,,0.000045600000,  -0.03931,
,,,0.000045610000,  -0.03786,
,,,0.000045620000,  -0.03786,
,,,0.000045630000,  -0.03640,
,,,0.000045640000,  -0.03640,
,,,0.000045650000,  -0.03494,
,,,0.000045660000,  -0.03494,
,,,0.000045670000,  -0.03349,
,,,0.000045680000,  -0.03203,
,,,0.000045690000,  -0.03203,
,,,0.000045700000,  -0.03058,
,,,0.000045710000,  -0.03058,
,,,0.000045720000,  -0.02912,
,,,0.000045730000,  -0.02766,
,,,0.000045740000,  -0.02766,
,,,0.000045750000,  -0.02621,
,,,0.000045760000,  -0.02475,
,,,0.000045770000,  -0.02475,
,,,0.000045780000,  -0.02330,
,,,0.000045790000,  -0.02038,
,,,0.000045800000,  -0.01747,
,,,0.000045810000,  -0.01310,
,,,0.000045820000,  -0.00728,
,,,0.000045830000,  -0.00146,
,,,0.000045840000,   0.00582,
,,,0.000045850000,   0.01310,
,,,0.000045860000,   0.02038,
,,,0.000045870000,   0.02912,
,,,0.000045880000,   0.03640,
,,,0.000045890000,   0.04514,
,,,0.000045900000,   0.05242,
,,,0.000045910000,   0.06115,
,,,0.000045920000,   0.06843,
,,,0.000045930000,   0.07717,
,,,0.000045940000,   0.08445,
,,,0.000045950000,   0.09318,
,,,0.000045960000,   0.10046,
,,,0.000045970000,   0.10774,
,,,0.000045980000,   0.11357,
,,,0.000045990000,   0.11794,
,,,0.000046000000,   0.12085,
,,,0.000046010000,   0.12376,
,,,0.000046020000,   0.12522,
,,,0.000046030000,   0.12667,
,,,0.000046040000,   0.12813,
,,,0.000046050000,   0.12813,
,,,0.000046060000,   0.12958,
,,,0.000046070000,   0.13104,
,,,0.000046080000,   0.13104,
,,,0.000046090000,   0.13250,
,,,0.000046100000,   0.13395,
,,,0.000046110000,   0.13395,
,,,0.000046120000,   0.13541,
,,,0.000046130000,   0.13541,
,,,0.000046140000,   0.13541,
,,,0.000046150000,   0.13686,
,,,0.000046160000,   0.13686,
,,,0.000046170000,   0.13686,
,,,0.000046180000,   0.13686,
,,,0.000046190000,   0.13832,
,,,0.000046200000,   0.13832,
,,,0.000046210000,   0.13978,
,,,0.000046220000,   0.13978,
,,,0.000046230000,   0.13978,
,,,0.000046240000,   0.13832,
,,,0.000046250000,   0.13541,
,,,0.000046260000,   0.13250,
,,,0.000046270000,   0.12958,
,,,0.000046280000,   0.12376,
,,,0.000046290000,   0.11794,
,,,0.000046300000,   0.11211,
,,,0.000046310000,   0.10483,
,,,0.000046320000,   0.09755,
,,,0.000046330000,   0.08882,
,,,0.000046340000,   0.08154,
,,,0.000046350000,   0.07134,
,,,0.000046360000,   0.06261,
,,,0.000046370000,   0.05242,
,,,0.000046380000,   0.04077,
,,,0.000046390000,   0.02912,
,,,0.000046400000,   0.01893,
,,,0.000046410000,   0.00728,
,,,0.000046420000,  -0.00146,
,,,0.000046430000,  -0.01165,
,,,0.000046440000,  -0.02038,
,,,0.000046450000,  -0.02766,
,,,0.000046460000,  -0.03494,
,,,0.000046470000,  -0.04077,
,,,0.000046480000,  -0.04659,
,,,0.000046490000,  -0.05242,
,,,0.000046500000,  -0.05824,
,,,0.000046510000,  -0.06261,
,,,0.000046520000,  -0.06698,
,,,0.000046530000,  -0.07134,
,,,0.000046540000,  -0.07426,
,,,0.000046550000,  -0.07717,
,,,0.000046560000,  -0.08008,
,,,0.000046570000,  -0.08299,
,,,0.000046580000,  -0.08590,
,,,0.000046590000,  -0.08736,
,,,0.000046600000,  -0.09027,
,,,0.000046610000,  -0.09173,
,,,0.000046620000,  -0.09318,
,,,0.000046630000,  -0.09464,
,,,0.000046640000,  -0.09610,
,,,0.000046650000,  -0.09755,
,,,0.000046660000,  -0.09755,
,,,0.000046670000,  -0.09755,
,,,0.000046680000,  -0.09901,
,,,0.000046690000,  -0.09755,
,,,0.000046700000,  -0.09755,
,,,0.000046710000,  -0.09610,
,,,0.000046720000,  -0.09464,
,,,0.000046730000,  -0.09318,
,,,0.000046740000,  -0.09173,
,,,0.000046750000,  -0.09027,
,,,0.000046760000,  -0.08882,
,,,0.000046770000,  -0.08590,
,,,0.000046780000,  -0.08299,
,,,0.000046790000,  -0.08008,
,,,0.000046800000,  -0.07571,
,,,0.000046810000,  -0.07280,
,,,0.000046820000,  -0.06843,
,,,0.000046830000,  -0.06406,
,,,0.000046840000,  -0.05970,
,,,0.000046850000,  -0.05533,
,,,0.000046860000,  -0.05242,
,,,0.000046870000,  -0.04805,
,,,0.000046880000,  -0.04368,
,,,0.000046890000,  -0.03931,
,,,0.000046900000,  -0.03494,
,,,0.000046910000,  -0.03058,
,,,0.000046920000,  -0.02621,
,,,0.000046930000,  -0.02330,
,,,0.000046940000,  -0.01893,
,,,0.000046950000,  -0.01456,
,,,0.000046960000,  -0.01165,
,,,0.000046970000,  -0.00728,
,,,0.000046980000,  -0.00437,
,,,0.000046990000,  -0.00291,
,,,0.000047000000,   0.00000,
,,,0.000047010000,   0.00291,
,,,0.000047020000,   0.00582,
,,,0.000047030000,   0.00874,
,,,0.000047040000,   0.01019,
,,,0.000047050000,   0.01165,
,,,0.000047060000,   0.01456,
,,,0.000047070000,   0.01602,
,,,0.000047080000,   0.01602,
,,,0.000047090000,   0.01747,
,,,0.000047100000,   0.01893,
,,,0.000047110000,   0.01893,
,,,0.000047120000,   0.02038,
,,,0.000047130000,   0.02038,
,,,0.000047140000,   0.02038,
,,,0.000047150000,   0.02038,
,,,0.000047160000,   0.02038,
,,,0.000047170000,   0.02038,
,,,0.000047180000,   0.02038,
,,,0.000047190000,   0.02038,
,,,0.000047200000,   0.02038,
,,,0.000047210000,   0.02038,
,,,0.000047220000,   0.01893,
,,,0.000047230000,   0.01893,
,,,0.000047240000,   0.01747,
,,,0.000047250000,   0.01602,
,,,0.000047260000,   0.01602,
,,,0.000047270000,   0.01456,
,,,0.000047280000,   0.01456,
,,,0.000047290000,   0.01310,
,,,0.000047300000,   0.01165,
,,,0.000047310000,   0.01019,
,,,0.000047320000,   0.00874,
,,,0.000047330000,   0.00874,
,,,0.000047340000,   0.00728,
,,,0.000047350000,   0.00437,
,,,0.000047360000,   0.00437,
,,,0.000047370000,   0.00291,
,,,0.000047380000,   0.00146,
,,,0.000047390000,   0.00000,
,,,0.000047400000,  -0.00291,
,,,0.000047410000,  -0.00291,
,,,0.000047420000,  -0.00437,
,,,0.000047430000,  -0.00582,
,,,0.000047440000,  -0.00728,
,,,0.000047450000,  -0.00874,
,,,0.000047460000,  -0.01019,
,,,0.000047470000,  -0.01165,
,,,0.000047480000,  -0.01165,
,,,0.000047490000,  -0.01310,
,,,0.000047500000,  -0.01310,
,,,0.000047510000,  -0.01456,
,,,0.000047520000,  -0.01456,
,,,0.000047530000,  -0.01602,
,,,0.000047540000,  -0.01602,
,,,0.000047550000,  -0.01602,
,,,0.000047560000,  -0.01602,
,,,0.000047570000,  -0.01602,
,,,0.000047580000,  -0.01602,
,,,0.000047590000,  -0.01602,
,,,0.000047600000,  -0.01602,
,,,0.000047610000,  -0.01602,
,,,0.000047620000,  -0.01602,
,,,0.000047630000,  -0.01602,
,,,0.000047640000,  -0.01602,
,,,0.000047650000,  -0.01602,
,,,0.000047660000,  -0.01602,
,,,0.000047670000,  -0.01602,
,,,0.000047680000,  -0.01602,
,,,0.000047690000,  -0.01602,
,,,0.000047700000,  -0.01456,
,,,0.000047710000,  -0.01456,
,,,0.000047720000,  -0.01456,
,,,0.000047730000,  -0.01456,
,,,0.000047740000,  -0.01456,
,,,0.000047750000,  -0.01456,
,,,0.000047760000,  -0.01456,
,,,0.000047770000,  -0.01456,
,,,0.000047780000,  -0.01456,
,,,0.000047790000,  -0.01456,
,,,0.000047800000,  -0.01310,
,,,0.000047810000,  -0.01310,
,,,0.000047820000,  -0.01310,
,,,0.000047830000,  -0.01165,
,,,0.000047840000,  -0.01165,
,,,0.000047850000,  -0.01165,
,,,0.000047860000,  -0.01165,
,,,0.000047870000,  -0.01019,
,,,0.000047880000,  -0.01019,
,,,0.000047890000,  -0.00874,
,,,0.000047900000,  -0.00874,
,,,0.000047910000,  -0.00874,
,,,0.000047920000,  -0.00728,
,,,0.000047930000,  -0.00728,
,,,0.000047940000,  -0.00582,
,,,0.000047950000,  -0.00582,
,,,0.000047960000,  -0.00582,
,,,0.000047970000,  -0.00437,
,,,0.000047980000,  -0.00437,
,,,0.000047990000,  -0.00437,
,,,0.000048000000,  -0.00291,
,,,0.000048010000,  -0.00291,
,,,0.000048020000,  -0.00291,
,,,0.000048030000,  -0.00291,
,,,0.000048040000,  -0.00291,
,,,0.000048050000,  -0.00146,
,,,0.000048060000,  -0.00146,
,,,0.000048070000,  -0.00146,
,,,0.000048080000,  -0.00146,
,,,0.000048090000,  -0.00146,
,,,0.000048100000,  -0.00146,
,,,0.000048110000,   0.00000,
,,,0.000048120000,   0.00000,
,,,0.000048130000,   0.00000,
,,,0.000048140000,   0.00000,
,,,0.000048150000,   0.00146,
,,,0.000048160000,   0.00146,
,,,0.000048170000,   0.00146,
,,,0.000048180000,   0.00291,
,,,0.000048190000,   0.00291,
,,,0.000048200000,   0.00291,
,,,0.000048210000,   0.00291,
,,,0.000048220000,   0.00437,
,,,0.000048230000,   0.00437,
,,,0.000048240000,   0.00582,
,,,0.000048250000,   0.00582,
,,,0.000048260000,   0.00582,
,,,0.000048270000,   0.00728,
,,,0.000048280000,   0.00728,
,,,0.000048290000,   0.00728,
,,,0.000048300000,   0.00874,
,,,0.000048310000,   0.00874,
,,,0.000048320000,   0.00874,
,,,0.000048330000,   0.00874,
,,,0.000048340000,   0.00874,
,,,0.000048350000,   0.00874,
,,,0.000048360000,   0.01019,
,,,0.000048370000,   0.01019,
,,,0.000048380000,   0.01019,
,,,0.000048390000,   0.01019,
,,,0.000048400000,   0.01019,
,,,0.000048410000,   0.01019,
,,,0.000048420000,   0.01019,
,,,0.000048430000,   0.01019,
,,,0.000048440000,   0.01165,
,,,0.000048450000,   0.01165,
,,,0.000048460000,   0.01165,
,,,0.000048470000,   0.01165,
,,,0.000048480000,   0.01165,
,,,0.000048490000,   0.01165,
,,,0.000048500000,   0.01165,
,,,0.000048510000,   0.01165,
,,,0.000048520000,   0.01165,
,,,0.000048530000,   0.01165,
,,,0.000048540000,   0.01165,
,,,0.000048550000,   0.01165,
,,,0.000048560000,   0.01165,
,,,0.000048570000,   0.01165,
,,,0.000048580000,   0.01165,
,,,0.000048590000,   0.01165,
,,,0.000048600000,   0.01165,
,,,0.000048610000,   0.01165,
,,,0.000048620000,   0.01165,
,,,0.000048630000,   0.01165,
,,,0.000048640000,   0.01019,
,,,0.000048650000,   0.01019,
,,,0.000048660000,   0.01019,
,,,0.000048670000,   0.01019,
,,,0.000048680000,   0.00874,
,,,0.000048690000,   0.00874,
,,,0.000048700000,   0.00874,
,,,0.000048710000,   0.00728,
,,,0.000048720000,   0.00728,
,,,0.000048730000,   0.00728,
,,,0.000048740000,   0.00582,
,,,0.000048750000,   0.00582,
,,,0.000048760000,   0.00582,
,,,0.000048770000,   0.00437,
,,,0.000048780000,   0.00437,
,,,0.000048790000,   0.00437,
,,,0.000048800000,   0.00291,
,,,0.000048810000,   0.00291,
,,,0.000048820000,   0.00291,
,,,0.000048830000,   0.00146,
,,,0.000048840000,   0.00146,
,,,0.000048850000,   0.00146,
,,,0.000048860000,   0.00000,
,,,0.000048870000,   0.00000,
,,,0.000048880000,   0.00000,
,,,0.000048890000,  -0.00146,
,,,0.000048900000,  -0.00146,
,,,0.000048910000,  -0.00146,
,,,0.000048920000,  -0.00291,
,,,0.000048930000,  -0.00291,
,,,0.000048940000,  -0.00291,
,,,0.000048950000,  -0.00291,
,,,0.000048960000,  -0.00291,
,,,0.000048970000,  -0.00437,
,,,0.000048980000,  -0.00437,
,,,0.000048990000,  -0.00437,
,,,0.000049000000,  -0.00437,
,,,0.000049010000,  -0.00437,
,,,0.000049020000,  -0.00582,
,,,0.000049030000,  -0.00582,
,,,0.000049040000,  -0.00582,
,,,0.000049050000,  -0.00582,
,,,0.000049060000,  -0.00582,
,,,0.000049070000,  -0.00582,
,,,0.000049080000,  -0.00582,
,,,0.000049090000,  -0.00582,
,,,0.000049100000,  -0.00582,
,,,0.000049110000,  -0.00728,
,,,0.000049120000,  -0.00728,
,,,0.000049130000,  -0.00582,
,,,0.000049140000,  -0.00728,
,,,0.000049150000,  -0.00728,
,,,0.000049160000,  -0.00728,
,,,0.000049170000,  -0.00728,
,,,0.000049180000,  -0.00582,
,,,0.000049190000,  -0.00582,
,,,0.000049200000,  -0.00582,
,,,0.000049210000,  -0.00582,
,,,0.000049220000,  -0.00582,
,,,0.000049230000,  -0.00582,
,,,0.000049240000,  -0.00582,
,,,0.000049250000,  -0.00582,
,,,0.000049260000,  -0.00582,
,,,0.000049270000,  -0.00582,
,,,0.000049280000,  -0.00437,
,,,0.000049290000,  -0.00437,
,,,0.000049300000,  -0.00437,
,,,0.000049310000,  -0.00437,
,,,0.000049320000,  -0.00437,
,,,0.000049330000,  -0.00437,
,,,0.000049340000,  -0.00437,
,,,0.000049350000,  -0.00437,
,,,0.000049360000,  -0.00437,
,,,0.000049370000,  -0.00291,
,,,0.000049380000,  -0.00291,
,,,0.000049390000,  -0.00291,
,,,0.000049400000,  -0.00291,
,,,0.000049410000,  -0.00291,
,,,0.000049420000,  -0.00291,
,,,0.000049430000,  -0.00291,
,,,0.000049440000,  -0.00291,
,,,0.000049450000,  -0.00291,
,,,0.000049460000,  -0.00291,
,,,0.000049470000,  -0.00291,
,,,0.000049480000,  -0.00146,
,,,0.000049490000,  -0.00146,
,,,0.000049500000,  -0.00146,
,,,0.000049510000,  -0.00146,
,,,0.000049520000,  -0.00146,
,,,0.000049530000,  -0.00146,
,,,0.000049540000,  -0.00146,
,,,0.000049550000,  -0.00146,
,,,0.000049560000,  -0.00146,
,,,0.000049570000,  -0.00146,
,,,0.000049580000,  -0.00146,
,,,0.000049590000,  -0.00146,
,,,0.000049600000,  -0.00146,
,,,0.000049610000,  -0.00146,
,,,0.000049620000,  -0.00146,
,,,0.000049630000,  -0.00146,
,,,0.000049640000,  -0.00146,
,,,0.000049650000,  -0.00146,
,,,0.000049660000,  -0.00146,
,,,0.000049670000,   0.00000,
,,,0.000049680000,  -0.00146,
,,,0.000049690000,   0.00000,
,,,0.000049700000,   0.00000,
,,,0.000049710000,   0.00000,
,,,0.000049720000,   0.00000,
,,,0.000049730000,   0.00000,
,,,0.000049740000,   0.00000,
,,,0.000049750000,   0.00000,
,,,0.000049760000,   0.00000,
,,,0.000049770000,   0.00000,
,,,0.000049780000,   0.00000,
,,,0.000049790000,   0.00000,
,,,0.000049800000,   0.00000,
,,,0.000049810000,   0.00000,
,,,0.000049820000,   0.00000,
,,,0.000049830000,   0.00000,
,,,0.000049840000,   0.00146,
,,,0.000049850000,   0.00146,
,,,0.000049860000,   0.00000,
,,,0.000049870000,   0.00146,
,,,0.000049880000,   0.00146,
,,,0.000049890000,   0.00146,
,,,0.000049900000,   0.00146,
,,,0.000049910000,   0.00146,
,,,0.000049920000,   0.00146,
,,,0.000049930000,   0.00146,
,,,0.000049940000,   0.00146,
,,,0.000049950000,   0.00291,
,,,0.000049960000,   0.00291,
,,,0.000049970000,   0.00291,
,,,0.000049980000,   0.00291,
,,,0.000049990000,   0.00291,
,,,0.000050000000,   0.00291,
,,,0.000050010000,   0.00291,
,,,0.000050020000,   0.00291,
,,,0.000050030000,   0.00291,
,,,0.000050040000,   0.00291,
,,,0.000050050000,   0.00437,
,,,0.000050060000,   0.00437,
,,,0.000050070000,   0.00437,
,,,0.000050080000,   0.00437,
,,,0.000050090000,   0.00437,
,,,0.000050100000,   0.00437,
,,,0.000050110000,   0.00437,
,,,0.000050120000,   0.00437,
,,,0.000050130000,   0.00437,
,,,0.000050140000,   0.00437,
,,,0.000050150000,   0.00437,
,,,0.000050160000,   0.00437,
,,,0.000050170000,   0.00437,
,,,0.000050180000,   0.00437,
,,,0.000050190000,   0.00437,
,,,0.000050200000,   0.00437,
,,,0.000050210000,   0.00437,
,,,0.000050220000,   0.00437,
,,,0.000050230000,   0.00582,
,,,0.000050240000,   0.00582,
,,,0.000050250000,   0.00582,
,,,0.000050260000,   0.00582,
,,,0.000050270000,   0.00582,
,,,0.000050280000,   0.00582,
,,,0.000050290000,   0.00582,
,,,0.000050300000,   0.00582,
,,,0.000050310000,   0.00582,
,,,0.000050320000,   0.00582,
,,,0.000050330000,   0.00582,
,,,0.000050340000,   0.00582,
,,,0.000050350000,   0.00582,
,,,0.000050360000,   0.00582,
,,,0.000050370000,   0.00582,
,,,0.000050380000,   0.00582,
,,,0.000050390000,   0.00582,
,,,0.000050400000,   0.00437,
,,,0.000050410000,   0.00437,
,,,0.000050420000,   0.00437,
,,,0.000050430000,   0.00437,
,,,0.000050440000,   0.00437,
,,,0.000050450000,   0.00437,
,,,0.000050460000,   0.00437,
,,,0.000050470000,   0.00437,
,,,0.000050480000,   0.00437,
,,,0.000050490000,   0.00437,
,,,0.000050500000,   0.00437,
,,,0.000050510000,   0.00291,
,,,0.000050520000,   0.00291,
,,,0.000050530000,   0.00291,
,,,0.000050540000,   0.00291,
,,,0.000050550000,   0.00291,
,,,0.000050560000,   0.00291,
,,,0.000050570000,   0.00291,
,,,0.000050580000,   0.00291,
,,,0.000050590000,   0.00291,
,,,0.000050600000,   0.00291,
,,,0.000050610000,   0.00291,
,,,0.000050620000,   0.00291,
,,,0.000050630000,   0.00291,
,,,0.000050640000,   0.00291,
,,,0.000050650000,   0.00291,
,,,0.000050660000,   0.00146,
,,,0.000050670000,   0.00146,
,,,0.000050680000,   0.00146,
,,,0.000050690000,   0.00146,
,,,0.000050700000,   0.00146,
,,,0.000050710000,   0.00146,
,,,0.000050720000,   0.00146,
,,,0.000050730000,   0.00146,
,,,0.000050740000,   0.00146,
,,,0.000050750000,   0.00146,
,,,0.000050760000,   0.00146,
,,,0.000050770000,   0.00146,
,,,0.000050780000,   0.00146,
,,,0.000050790000,   0.00146,
,,,0.000050800000,   0.00146,
,,,0.000050810000,   0.00146,
,,,0.000050820000,   0.00146,
,,,0.000050830000,   0.00146,
,,,0.000050840000,   0.00146,
,,,0.000050850000,   0.00146,
,,,0.000050860000,   0.00146,
,,,0.000050870000,   0.00146,
,,,0.000050880000,   0.00000,
,,,0.000050890000,   0.00000,
,,,0.000050900000,   0.00000,
,,,0.000050910000,   0.00146,
,,,0.000050920000,   0.00000,
,,,0.000050930000,   0.00146,
,,,0.000050940000,   0.00000,
,,,0.000050950000,   0.00000,
,,,0.000050960000,   0.00000,
,,,0.000050970000,   0.00000,
,,,0.000050980000,   0.00000,
,,,0.000050990000,   0.00000,
,,,0.000051000000,   0.00000,
,,,0.000051010000,   0.00146,
,,,0.000051020000,   0.00146,
,,,0.000051030000,   0.00000,
,,,0.000051040000,   0.00146,
,,,0.000051050000,   0.00146,
,,,0.000051060000,   0.00146,
,,,0.000051070000,   0.00146,
,,,0.000051080000,   0.00146,
,,,0.000051090000,   0.00146,
,,,0.000051100000,   0.00146,
,,,0.000051110000,   0.00146,
,,,0.000051120000,   0.00146,
,,,0.000051130000,   0.00146,
,,,0.000051140000,   0.00146,
,,,0.000051150000,   0.00146,
,,,0.000051160000,   0.00146,
,,,0.000051170000,   0.00146,
,,,0.000051180000,   0.00146,
,,,0.000051190000,   0.00291,
,,,0.000051200000,   0.00291,
,,,0.000051210000,   0.00146,
,,,0.000051220000,   0.00291,
,,,0.000051230000,   0.00291,
,,,0.000051240000,   0.00291,
,,,0.000051250000,   0.00291,
,,,0.000051260000,   0.00291,
,,,0.000051270000,   0.00291,
,,,0.000051280000,   0.00291,
,,,0.000051290000,   0.00291,
,,,0.000051300000,   0.00291,
,,,0.000051310000,   0.00291,
,,,0.000051320000,   0.00291,
,,,0.000051330000,   0.00437,
,,,0.000051340000,   0.00291,
,,,0.000051350000,   0.00437,
,,,0.000051360000,   0.00437,
,,,0.000051370000,   0.00437,
,,,0.000051380000,   0.00437,
,,,0.000051390000,   0.00437,
,,,0.000051400000,   0.00437,
,,,0.000051410000,   0.00437,
,,,0.000051420000,   0.00437,
,,,0.000051430000,   0.00437,
,,,0.000051440000,   0.00437,
,,,0.000051450000,   0.00437,
,,,0.000051460000,   0.00437,
,,,0.000051470000,   0.00437,
,,,0.000051480000,   0.00437,
,,,0.000051490000,   0.00437,
,,,0.000051500000,   0.00437,
,,,0.000051510000,   0.00437,
,,,0.000051520000,   0.00437,
,,,0.000051530000,   0.00437,
,,,0.000051540000,   0.00437,
,,,0.000051550000,   0.00437,
,,,0.000051560000,   0.00437,
,,,0.000051570000,   0.00437,
,,,0.000051580000,   0.00437,
,,,0.000051590000,   0.00437,
,,,0.000051600000,   0.00437,
,,,0.000051610000,   0.00437,
,,,0.000051620000,   0.00291,
,,,0.000051630000,   0.00291,
,,,0.000051640000,   0.00437,
,,,0.000051650000,   0.00437,
,,,0.000051660000,   0.00291,
,,,0.000051670000,   0.00291,
,,,0.000051680000,   0.00291,
,,,0.000051690000,   0.00291,
,,,0.000051700000,   0.00291,
,,,0.000051710000,   0.00291,
,,,0.000051720000,   0.00291,
,,,0.000051730000,   0.00291,
,,,0.000051740000,   0.00291,
,,,0.000051750000,   0.00291,
,,,0.000051760000,   0.00291,
,,,0.000051770000,   0.00291,
,,,0.000051780000,   0.00291,
,,,0.000051790000,   0.00291,
,,,0.000051800000,   0.00146,
,,,0.000051810000,   0.00146,
,,,0.000051820000,   0.00146,
,,,0.000051830000,   0.00146,
,,,0.000051840000,   0.00146,
,,,0.000051850000,   0.00146,
,,,0.000051860000,   0.00146,
,,,0.000051870000,   0.00146,
,,,0.000051880000,   0.00146,
,,,0.000051890000,   0.00000,
,,,0.000051900000,   0.00000,
,,,0.000051910000,   0.00000,
,,,0.000051920000,   0.00000,
,,,0.000051930000,   0.00000,
,,,0.000051940000,   0.00000,
,,,0.000051950000,   0.00000,
,,,0.000051960000,   0.00000,
,,,0.000051970000,  -0.00146,
,,,0.000051980000,   0.00000,
,,,0.000051990000,  -0.00146,
,,,0.000052000000,  -0.00146,
,,,0.000052010000,  -0.00146,
,,,0.000052020000,  -0.00146,
,,,0.000052030000,  -0.00146,
,,,0.000052040000,  -0.00146,
,,,0.000052050000,  -0.00146,
,,,0.000052060000,  -0.00146,
,,,0.000052070000,  -0.00146,
,,,0.000052080000,  -0.00146,
,,,0.000052090000,  -0.00146,
,,,0.000052100000,  -0.00146,
,,,0.000052110000,  -0.00146,
,,,0.000052120000,  -0.00291,
,,,0.000052130000,  -0.00291,
,,,0.000052140000,  -0.00291,
,,,0.000052150000,  -0.00291,
,,,0.000052160000,  -0.00291,
,,,0.000052170000,  -0.00291,
,,,0.000052180000,  -0.00291,
,,,0.000052190000,  -0.00291,
,,,0.000052200000,  -0.00291,
,,,0.000052210000,  -0.00291,
,,,0.000052220000,  -0.00291,
,,,0.000052230000,  -0.00291,
,,,0.000052240000,  -0.00291,
,,,0.000052250000,  -0.00291,
,,,0.000052260000,  -0.00291,
,,,0.000052270000,  -0.00291,
,,,0.000052280000,  -0.00291,
,,,0.000052290000,  -0.00291,
,,,0.000052300000,  -0.00291,
,,,0.000052310000,  -0.00291,
,,,0.000052320000,  -0.00291,
,,,0.000052330000,  -0.00291,
,,,0.000052340000,  -0.00291,
,,,0.000052350000,  -0.00291,
,,,0.000052360000,  -0.00146,
,,,0.000052370000,  -0.00291,
,,,0.000052380000,  -0.00291,
,,,0.000052390000,  -0.00291,
,,,0.000052400000,  -0.00291,
,,,0.000052410000,  -0.00291,
,,,0.000052420000,  -0.00291,
,,,0.000052430000,  -0.00146,
,,,0.000052440000,  -0.00146,
,,,0.000052450000,  -0.00146,
,,,0.000052460000,  -0.00146,
,,,0.000052470000,  -0.00146,
,,,0.000052480000,  -0.00146,
,,,0.000052490000,  -0.00146,
,,,0.000052500000,  -0.00146,
,,,0.000052510000,  -0.00146,
,,,0.000052520000,  -0.00146,
,,,0.000052530000,  -0.00146,
,,,0.000052540000,  -0.00146,
,,,0.000052550000,  -0.00146,
,,,0.000052560000,  -0.00146,
,,,0.000052570000,  -0.00146,
,,,0.000052580000,  -0.00146,
,,,0.000052590000,   0.00000,
,,,0.000052600000,  -0.00146,
,,,0.000052610000,   0.00000,
,,,0.000052620000,   0.00000,
,,,0.000052630000,   0.00000,
,,,0.000052640000,   0.00000,
,,,0.000052650000,   0.00000,
,,,0.000052660000,   0.00000,
,,,0.000052670000,   0.00000,
,,,0.000052680000,   0.00000,
,,,0.000052690000,   0.00000,
,,,0.000052700000,   0.00000,
,,,0.000052710000,   0.00000,
,,,0.000052720000,   0.00000,
,,,0.000052730000,   0.00000,
,,,0.000052740000,   0.00000,
,,,0.000052750000,   0.00000,
,,,0.000052760000,   0.00146,
,,,0.000052770000,   0.00146,
,,,0.000052780000,   0.00146,
,,,0.000052790000,   0.00146,
,,,0.000052800000,   0.00146,
,,,0.000052810000,   0.00146,
,,,0.000052820000,   0.00146,
,,,0.000052830000,   0.00146,
,,,0.000052840000,   0.00146,
,,,0.000052850000,   0.00146,
,,,0.000052860000,   0.00146,
,,,0.000052870000,   0.00146,
,,,0.000052880000,   0.00146,
,,,0.000052890000,   0.00146,
,,,0.000052900000,   0.00146,
,,,0.000052910000,   0.00146,
,,,0.000052920000,   0.00146,
,,,0.000052930000,   0.00146,
,,,0.000052940000,   0.00146,
,,,0.000052950000,   0.00146,
,,,0.000052960000,   0.00146,
,,,0.000052970000,   0.00146,
,,,0.000052980000,   0.00146,
,,,0.000052990000,   0.00146,
,,,0.000053000000,   0.00146,
,,,0.000053010000,   0.00146,
,,,0.000053020000,   0.00146,
,,,0.000053030000,   0.00146,
,,,0.000053040000,   0.00146,
,,,0.000053050000,   0.00146,
,,,0.000053060000,   0.00146,
,,,0.000053070000,   0.00146,
,,,0.000053080000,   0.00146,
,,,0.000053090000,   0.00146,
,,,0.000053100000,   0.00146,
,,,0.000053110000,   0.00146,
,,,0.000053120000,   0.00146,
,,,0.000053130000,   0.00146,
,,,0.000053140000,   0.00146,
,,,0.000053150000,   0.00146,
,,,0.000053160000,   0.00146,
,,,0.000053170000,   0.00146,
,,,0.000053180000,   0.00146,
,,,0.000053190000,   0.00146,
,,,0.000053200000,   0.00146,
,,,0.000053210000,   0.00146,
,,,0.000053220000,   0.00146,
,,,0.000053230000,   0.00146,
,,,0.000053240000,   0.00146,
,,,0.000053250000,   0.00146,
,,,0.000053260000,   0.00146,
,,,0.000053270000,   0.00000,
,,,0.000053280000,   0.00000,
,,,0.000053290000,   0.00000,
,,,0.000053300000,   0.00000,
,,,0.000053310000,   0.00000,
,,,0.000053320000,   0.00000,
,,,0.000053330000,   0.00000,
,,,0.000053340000,   0.00000,
,,,0.000053350000,   0.00000,
,,,0.000053360000,   0.00000,
,,,0.000053370000,   0.00000,
,,,0.000053380000,   0.00000,
,,,0.000053390000,   0.00000,
,,,0.000053400000,   0.00000,
,,,0.000053410000,   0.00000,
,,,0.000053420000,   0.00000,
,,,0.000053430000,   0.00000,
,,,0.000053440000,   0.00000,
,,,0.000053450000,   0.00000,
,,,0.000053460000,   0.00000,
,,,0.000053470000,   0.00000,
,,,0.000053480000,   0.00000,
,,,0.000053490000,   0.00000,
,,,0.000053500000,   0.00000,
,,,0.000053510000,   0.00000,
,,,0.000053520000,   0.00000,
,,,0.000053530000,   0.00000,
,,,0.000053540000,   0.00000,
,,,0.000053550000,   0.00000,
,,,0.000053560000,   0.00000,
,,,0.000053570000,   0.00000,
,,,0.000053580000,   0.00000,
,,,0.000053590000,   0.00000,
,,,0.000053600000,   0.00000,
,,,0.000053610000,   0.00000,
,,,0.000053620000,   0.00000,
,,,0.000053630000,   0.00000,
,,,0.000053640000,   0.00000,
,,,0.000053650000,   0.00000,
,,,0.000053660000,   0.00000,
,,,0.000053670000,   0.00000,
,,,0.000053680000,   0.00000,
,,,0.000053690000,   0.00000,
,,,0.000053700000,   0.00000,
,,,0.000053710000,   0.00000,
,,,0.000053720000,   0.00000,
,,,0.000053730000,   0.00000,
,,,0.000053740000,   0.00000,
,,,0.000053750000,   0.00000,
,,,0.000053760000,   0.00000,
,,,0.000053770000,   0.00000,
,,,0.000053780000,   0.00000,
,,,0.000053790000,   0.00000,
,,,0.000053800000,   0.00000,
,,,0.000053810000,   0.00000,
,,,0.000053820000,   0.00000,
,,,0.000053830000,   0.00000,
,,,0.000053840000,   0.00146,
,,,0.000053850000,   0.00000,
,,,0.000053860000,   0.00000,
,,,0.000053870000,   0.00146,
,,,0.000053880000,   0.00146,
,,,0.000053890000,   0.00146,
,,,0.000053900000,   0.00146,
,,,0.000053910000,   0.00146,
,,,0.000053920000,   0.00000,
,,,0.000053930000,   0.00146,
,,,0.000053940000,   0.00146,
,,,0.000053950000,   0.00146,
,,,0.000053960000,   0.00146,
,,,0.000053970000,   0.00146,
,,,0.000053980000,   0.00146,
,,,0.000053990000,   0.00146,
,,,0.000054000000,   0.00146,
,,,0.000054010000,   0.00146,
,,,0.000054020000,   0.00146,
,,,0.000054030000,   0.00146,
,,,0.000054040000,   0.00146,
,,,0.000054050000,   0.00146,
,,,0.000054060000,   0.00146,
,,,0.000054070000,   0.00146,
,,,0.000054080000,   0.00146,
,,,0.000054090000,   0.00146,
,,,0.000054100000,   0.00146,
,,,0.000054110000,   0.00146,
,,,0.000054120000,   0.00146,
,,,0.000054130000,   0.00146,
,,,0.000054140000,   0.00146,
,,,0.000054150000,   0.00146,
,,,0.000054160000,   0.00146,
,,,0.000054170000,   0.00146,
,,,0.000054180000,   0.00146,
,,,0.000054190000,   0.00146,
,,,0.000054200000,   0.00146,
,,,0.000054210000,   0.00146,
,,,0.000054220000,   0.00146,
,,,0.000054230000,   0.00146,
,,,0.000054240000,   0.00146,
,,,0.000054250000,   0.00146,
,,,0.000054260000,   0.00146,
,,,0.000054270000,   0.00146,
,,,0.000054280000,   0.00146,
,,,0.000054290000,   0.00146,
,,,0.000054300000,   0.00146,
,,,0.000054310000,   0.00146,
,,,0.000054320000,   0.00146,
,,,0.000054330000,   0.00146,
,,,0.000054340000,   0.00291,
,,,0.000054350000,   0.00146,
,,,0.000054360000,   0.00146,
,,,0.000054370000,   0.00146,
,,,0.000054380000,   0.00146,
,,,0.000054390000,   0.00291,
,,,0.000054400000,   0.00146,
,,,0.000054410000,   0.00146,
,,,0.000054420000,   0.00146,
,,,0.000054430000,   0.00146,
,,,0.000054440000,   0.00146,
,,,0.000054450000,   0.00146,
,,,0.000054460000,   0.00146,
,,,0.000054470000,   0.00146,
,,,0.000054480000,   0.00146,
,,,0.000054490000,   0.00146,
,,,0.000054500000,   0.00146,
,,,0.000054510000,   0.00146,
,,,0.000054520000,   0.00146,
,,,0.000054530000,   0.00146,
,,,0.000054540000,   0.00146,
,,,0.000054550000,   0.00146,
,,,0.000054560000,   0.00146,
,,,0.000054570000,   0.00146,
,,,0.000054580000,   0.00146,
,,,0.000054590000,   0.00146,
,,,0.000054600000,   0.00146,
,,,0.000054610000,   0.00146,
,,,0.000054620000,   0.00146,
,,,0.000054630000,   0.00146,
,,,0.000054640000,   0.00146,
,,,0.000054650000,   0.00146,
,,,0.000054660000,   0.00146,
,,,0.000054670000,   0.00146,
,,,0.000054680000,   0.00146,
,,,0.000054690000,   0.00146,
,,,0.000054700000,   0.00146,
,,,0.000054710000,   0.00146,
,,,0.000054720000,   0.00146,
,,,0.000054730000,   0.00146,
,,,0.000054740000,   0.00146,
,,,0.000054750000,   0.00146,
,,,0.000054760000,   0.00146,
,,,0.000054770000,   0.00146,
,,,0.000054780000,   0.00146,
,,,0.000054790000,   0.00146,
,,,0.000054800000,   0.00146,
,,,0.000054810000,   0.00000,
,,,0.000054820000,   0.00146,
,,,0.000054830000,   0.00146,
,,,0.000054840000,   0.00146,
,,,0.000054850000,   0.00146,
,,,0.000054860000,   0.00146,
,,,0.000054870000,   0.00146,
,,,0.000054880000,   0.00146,
,,,0.000054890000,   0.00146,
,,,0.000054900000,   0.00146,
,,,0.000054910000,   0.00000,
,,,0.000054920000,   0.00000,
,,,0.000054930000,   0.00146,
,,,0.000054940000,   0.00000,
,,,0.000054950000,   0.00146,
,,,0.000054960000,   0.00000,
,,,0.000054970000,   0.00000,
,,,0.000054980000,   0.00000,
,,,0.000054990000,   0.00000,
,,,0.000055000000,   0.00000,
,,,0.000055010000,   0.00000,
,,,0.000055020000,   0.00000,
,,,0.000055030000,   0.00000,
,,,0.000055040000,   0.00000,
,,,0.000055050000,   0.00000,
,,,0.000055060000,   0.00000,
,,,0.000055070000,   0.00000,
,,,0.000055080000,   0.00000,
,,,0.000055090000,   0.00000,
,,,0.000055100000,   0.00000,
,,,0.000055110000,   0.00000,
,,,0.000055120000,   0.00000,
,,,0.000055130000,   0.00000,
,,,0.000055140000,   0.00000,
,,,0.000055150000,   0.00000,
,,,0.000055160000,   0.00000,
,,,0.000055170000,   0.00000,
,,,0.000055180000,   0.00000,
,,,0.000055190000,   0.00000,
,,,0.000055200000,   0.00000,
,,,0.000055210000,   0.00000,
,,,0.000055220000,   0.00000,
,,,0.000055230000,   0.00000,
,,,0.000055240000,   0.00000,
,,,0.000055250000,   0.00000,
,,,0.000055260000,   0.00000,
,,,0.000055270000,   0.00000,
,,,0.000055280000,   0.00000,
,,,0.000055290000,   0.00000,
,,,0.000055300000,   0.00000,
,,,0.000055310000,   0.00000,
,,,0.000055320000,   0.00000,
,,,0.000055330000,   0.00000,
,,,0.000055340000,   0.00000,
,,,0.000055350000,   0.00000,
,,,0.000055360000,   0.00000,
,,,0.000055370000,   0.00000,
,,,0.000055380000,   0.00000,
,,,0.000055390000,   0.00000,
,,,0.000055400000,   0.00000,
,,,0.000055410000,   0.00000,
,,,0.000055420000,   0.00000,
,,,0.000055430000,   0.00000,
,,,0.000055440000,   0.00000,
,,,0.000055450000,   0.00000,
,,,0.000055460000,   0.00000,
,,,0.000055470000,   0.00000,
,,,0.000055480000,   0.00000,
,,,0.000055490000,   0.00000,
,,,0.000055500000,   0.00000,
,,,0.000055510000,   0.00000,
,,,0.000055520000,   0.00000,
,,,0.000055530000,   0.00000,
,,,0.000055540000,   0.00000,
,,,0.000055550000,   0.00000,
,,,0.000055560000,   0.00000,
,,,0.000055570000,   0.00000,
,,,0.000055580000,   0.00000,
,,,0.000055590000,   0.00000,
,,,0.000055600000,   0.00000,
,,,0.000055610000,   0.00000,
,,,0.000055620000,   0.00000,
,,,0.000055630000,   0.00000,
,,,0.000055640000,   0.00000,
,,,0.000055650000,   0.00000,
,,,0.000055660000,   0.00000,
,,,0.000055670000,   0.00000,
,,,0.000055680000,   0.00000,
,,,0.000055690000,   0.00000,
,,,0.000055700000,   0.00000,
,,,0.000055710000,   0.00000,
,,,0.000055720000,   0.00000,
,,,0.000055730000,   0.00000,
,,,0.000055740000,   0.00000,
,,,0.000055750000,   0.00000,
,,,0.000055760000,   0.00000,
,,,0.000055770000,   0.00000,
,,,0.000055780000,   0.00000,
,,,0.000055790000,   0.00000,
,,,0.000055800000,   0.00000,
,,,0.000055810000,   0.00000,
,,,0.000055820000,   0.00000,
,,,0.000055830000,   0.00000,
,,,0.000055840000,   0.00000,
,,,0.000055850000,   0.00000,
,,,0.000055860000,   0.00000,
,,,0.000055870000,   0.00000,
,,,0.000055880000,   0.00000,
,,,0.000055890000,   0.00000,
,,,0.000055900000,   0.00000,
,,,0.000055910000,   0.00000,
,,,0.000055920000,   0.00000,
,,,0.000055930000,   0.00000,
,,,0.000055940000,   0.00000,
,,,0.000055950000,   0.00000,
,,,0.000055960000,   0.00000,
,,,0.000055970000,   0.00000,
,,,0.000055980000,   0.00000,
,,,0.000055990000,   0.00000,
,,,0.000056000000,   0.00000,
,,,0.000056010000,   0.00000,
,,,0.000056020000,   0.00000,
,,,0.000056030000,   0.00000,
,,,0.000056040000,   0.00000,
,,,0.000056050000,   0.00000,
,,,0.000056060000,   0.00000,
,,,0.000056070000,   0.00000,
,,,0.000056080000,   0.00000,
,,,0.000056090000,   0.00000,
,,,0.000056100000,   0.00000,
,,,0.000056110000,   0.00000,
,,,0.000056120000,   0.00000,
,,,0.000056130000,   0.00000,
,,,0.000056140000,   0.00000,
,,,0.000056150000,   0.00000,
,,,0.000056160000,   0.00000,
,,,0.000056170000,   0.00000,
,,,0.000056180000,   0.00146,
,,,0.000056190000,   0.00000,
,,,0.000056200000,   0.00000,
,,,0.000056210000,   0.00146,
,,,0.000056220000,   0.00146,
,,,0.000056230000,   0.00146,
,,,0.000056240000,   0.00146,
,,,0.000056250000,   0.00146,
,,,0.000056260000,   0.00146,
,,,0.000056270000,   0.00146,
,,,0.000056280000,   0.00146,
,,,0.000056290000,   0.00146,
,,,0.000056300000,   0.00146,
,,,0.000056310000,   0.00146,
,,,0.000056320000,   0.00146,
,,,0.000056330000,   0.00146,
,,,0.000056340000,   0.00146,
,,,0.000056350000,   0.00146,
,,,0.000056360000,   0.00146,
,,,0.000056370000,   0.00146,
,,,0.000056380000,   0.00146,
,,,0.000056390000,   0.00146,
,,,0.000056400000,   0.00146,
,,,0.000056410000,   0.00146,
,,,0.000056420000,   0.00146,
,,,0.000056430000,   0.00146,
,,,0.000056440000,   0.00146,
,,,0.000056450000,   0.00146,
,,,0.000056460000,   0.00146,
,,,0.000056470000,   0.00146,
,,,0.000056480000,   0.00146,
,,,0.000056490000,   0.00146,
,,,0.000056500000,   0.00146,
,,,0.000056510000,   0.00146,
,,,0.000056520000,   0.00146,
,,,0.000056530000,   0.00146,
,,,0.000056540000,   0.00146,
,,,0.000056550000,   0.00146,
,,,0.000056560000,   0.00146,
,,,0.000056570000,   0.00146,
,,,0.000056580000,   0.00146,
,,,0.000056590000,   0.00146,
,,,0.000056600000,   0.00146,
,,,0.000056610000,   0.00146,
,,,0.000056620000,   0.00146,
,,,0.000056630000,   0.00146,
,,,0.000056640000,   0.00146,
,,,0.000056650000,   0.00146,
,,,0.000056660000,   0.00146,
,,,0.000056670000,   0.00146,
,,,0.000056680000,   0.00146,
,,,0.000056690000,   0.00146,
,,,0.000056700000,   0.00146,
,,,0.000056710000,   0.00146,
,,,0.000056720000,   0.00146,
,,,0.000056730000,   0.00146,
,,,0.000056740000,   0.00146,
,,,0.000056750000,   0.00146,
,,,0.000056760000,   0.00146,
,,,0.000056770000,   0.00146,
,,,0.000056780000,   0.00146,
,,,0.000056790000,   0.00146,
,,,0.000056800000,   0.00146,
,,,0.000056810000,   0.00146,
,,,0.000056820000,   0.00146,
,,,0.000056830000,   0.00146,
,,,0.000056840000,   0.00146,
,,,0.000056850000,   0.00146,
,,,0.000056860000,   0.00146,
,,,0.000056870000,   0.00146,
,,,0.000056880000,   0.00146,
,,,0.000056890000,   0.00146,
,,,0.000056900000,   0.00146,
,,,0.000056910000,   0.00146,
,,,0.000056920000,   0.00146,
,,,0.000056930000,   0.00146,
,,,0.000056940000,   0.00146,
,,,0.000056950000,   0.00146,
,,,0.000056960000,   0.00146,
,,,0.000056970000,   0.00146,
,,,0.000056980000,   0.00146,
,,,0.000056990000,   0.00146,
,,,0.000057000000,   0.00146,
,,,0.000057010000,   0.00146,
,,,0.000057020000,   0.00146,
,,,0.000057030000,   0.00146,
,,,0.000057040000,   0.00146,
,,,0.000057050000,   0.00146,
,,,0.000057060000,   0.00146,
,,,0.000057070000,   0.00146,
,,,0.000057080000,   0.00146,
,,,0.000057090000,   0.00146,
,,,0.000057100000,   0.00146,
,,,0.000057110000,   0.00146,
,,,0.000057120000,   0.00146,
,,,0.000057130000,   0.00146,
,,,0.000057140000,   0.00146,
,,,0.000057150000,   0.00146,
,,,0.000057160000,   0.00146,
,,,0.000057170000,   0.00146,
,,,0.000057180000,   0.00146,
,,,0.000057190000,   0.00146,
,,,0.000057200000,   0.00146,
,,,0.000057210000,   0.00146,
,,,0.000057220000,   0.00146,
,,,0.000057230000,   0.00146,
,,,0.000057240000,   0.00146,
,,,0.000057250000,   0.00146,
,,,0.000057260000,   0.00146,
,,,0.000057270000,   0.00146,
,,,0.000057280000,   0.00146,
,,,0.000057290000,   0.00146,
,,,0.000057300000,   0.00146,
,,,0.000057310000,   0.00146,
,,,0.000057320000,   0.00146,
,,,0.000057330000,   0.00146,
,,,0.000057340000,   0.00146,
,,,0.000057350000,   0.00146,
,,,0.000057360000,   0.00146,
,,,0.000057370000,   0.00146,
,,,0.000057380000,   0.00146,
,,,0.000057390000,   0.00146,
,,,0.000057400000,   0.00146,
,,,0.000057410000,   0.00146,
,,,0.000057420000,   0.00146,
,,,0.000057430000,   0.00146,
,,,0.000057440000,   0.00146,
,,,0.000057450000,   0.00146,
,,,0.000057460000,   0.00146,
,,,0.000057470000,   0.00000,
,,,0.000057480000,   0.00000,
,,,0.000057490000,   0.00000,
,,,0.000057500000,   0.00000,
,,,0.000057510000,   0.00000,
,,,0.000057520000,   0.00000,
,,,0.000057530000,   0.00000,
,,,0.000057540000,   0.00000,
,,,0.000057550000,   0.00000,
,,,0.000057560000,   0.00000,
,,,0.000057570000,   0.00000,
,,,0.000057580000,   0.00000,
,,,0.000057590000,   0.00000,
,,,0.000057600000,   0.00000,
,,,0.000057610000,   0.00000,
,,,0.000057620000,   0.00000,
,,,0.000057630000,   0.00000,
,,,0.000057640000,   0.00000,
,,,0.000057650000,   0.00000,
,,,0.000057660000,   0.00000,
,,,0.000057670000,   0.00000,
,,,0.000057680000,   0.00000,
,,,0.000057690000,   0.00000,
,,,0.000057700000,   0.00000,
,,,0.000057710000,   0.00000,
,,,0.000057720000,   0.00000,
,,,0.000057730000,   0.00000,
,,,0.000057740000,   0.00000,
,,,0.000057750000,   0.00000,
,,,0.000057760000,   0.00000,
,,,0.000057770000,   0.00000,
,,,0.000057780000,   0.00000,
,,,0.000057790000,   0.00000,
,,,0.000057800000,   0.00000,
,,,0.000057810000,   0.00000,
,,,0.000057820000,   0.00000,
,,,0.000057830000,   0.00000,
,,,0.000057840000,   0.00000,
,,,0.000057850000,   0.00000,
,,,0.000057860000,   0.00000,
,,,0.000057870000,   0.00000,
,,,0.000057880000,   0.00000,
,,,0.000057890000,   0.00000,
,,,0.000057900000,   0.00000,
,,,0.000057910000,   0.00000,
,,,0.000057920000,   0.00000,
,,,0.000057930000,   0.00000,
,,,0.000057940000,   0.00000,
,,,0.000057950000,   0.00000,
,,,0.000057960000,   0.00000,
,,,0.000057970000,   0.00000,
,,,0.000057980000,   0.00000,
,,,0.000057990000,   0.00000,
,,,0.000058000000,   0.00000,
,,,0.000058010000,   0.00000,
,,,0.000058020000,   0.00000,
,,,0.000058030000,   0.00000,
,,,0.000058040000,   0.00000,
,,,0.000058050000,   0.00000,
,,,0.000058060000,   0.00000,
,,,0.000058070000,   0.00000,
,,,0.000058080000,   0.00000,
,,,0.000058090000,   0.00000,
,,,0.000058100000,   0.00000,
,,,0.000058110000,   0.00000,
,,,0.000058120000,   0.00000,
,,,0.000058130000,   0.00000,
,,,0.000058140000,   0.00000,
,,,0.000058150000,   0.00000,
,,,0.000058160000,   0.00000,
,,,0.000058170000,   0.00000,
,,,0.000058180000,   0.00000,
,,,0.000058190000,   0.00000,
,,,0.000058200000,   0.00000,
,,,0.000058210000,   0.00000,
,,,0.000058220000,   0.00000,
,,,0.000058230000,   0.00000,
,,,0.000058240000,   0.00000,
,,,0.000058250000,   0.00000,
,,,0.000058260000,   0.00000,
,,,0.000058270000,   0.00000,
,,,0.000058280000,   0.00000,
,,,0.000058290000,   0.00000,
,,,0.000058300000,   0.00000,
,,,0.000058310000,   0.00000,
,,,0.000058320000,   0.00000,
,,,0.000058330000,   0.00000,
,,,0.000058340000,   0.00000,
,,,0.000058350000,   0.00000,
,,,0.000058360000,   0.00000,
,,,0.000058370000,   0.00000,
,,,0.000058380000,   0.00000,
,,,0.000058390000,   0.00000,
,,,0.000058400000,   0.00000,
,,,0.000058410000,   0.00000,
,,,0.000058420000,   0.00000,
,,,0.000058430000,   0.00000,
,,,0.000058440000,   0.00000,
,,,0.000058450000,   0.00000,
,,,0.000058460000,   0.00000,
,,,0.000058470000,   0.00000,
,,,0.000058480000,   0.00000,
,,,0.000058490000,   0.00000,
,,,0.000058500000,   0.00000,
,,,0.000058510000,   0.00000,
,,,0.000058520000,   0.00000,
,,,0.000058530000,   0.00000,
,,,0.000058540000,   0.00000,
,,,0.000058550000,   0.00000,
,,,0.000058560000,   0.00000,
,,,0.000058570000,   0.00000,
,,,0.000058580000,   0.00000,
,,,0.000058590000,   0.00000,
,,,0.000058600000,   0.00000,
,,,0.000058610000,   0.00000,
,,,0.000058620000,   0.00000,
,,,0.000058630000,   0.00000,
,,,0.000058640000,   0.00000,
,,,0.000058650000,   0.00000,
,,,0.000058660000,   0.00000,
,,,0.000058670000,   0.00000,
,,,0.000058680000,   0.00000,
,,,0.000058690000,   0.00000,
,,,0.000058700000,   0.00000,
,,,0.000058710000,   0.00000,
,,,0.000058720000,   0.00146,
,,,0.000058730000,   0.00000,
,,,0.000058740000,   0.00000,
,,,0.000058750000,   0.00146,
,,,0.000058760000,   0.00000,
,,,0.000058770000,   0.00000,
,,,0.000058780000,   0.00000,
,,,0.000058790000,   0.00000,
,,,0.000058800000,   0.00000,
,,,0.000058810000,   0.00000,
,,,0.000058820000,   0.00000,
,,,0.000058830000,   0.00146,
,,,0.000058840000,   0.00146,
,,,0.000058850000,   0.00146,
,,,0.000058860000,   0.00146,
,,,0.000058870000,   0.00000,
,,,0.000058880000,   0.00146,
,,,0.000058890000,   0.00146,
,,,0.000058900000,   0.00000,
,,,0.000058910000,   0.00146,
,,,0.000058920000,   0.00146,
,,,0.000058930000,   0.00000,
,,,0.000058940000,   0.00146,
,,,0.000058950000,   0.00146,
,,,0.000058960000,   0.00146,
,,,0.000058970000,   0.00000,
,,,0.000058980000,   0.00146,
,,,0.000058990000,   0.00146,
,,,0.000059000000,   0.00146,
,,,0.000059010000,   0.00146,
,,,0.000059020000,   0.00146,
,,,0.000059030000,   0.00146,
,,,0.000059040000,   0.00146,
,,,0.000059050000,   0.00146,
,,,0.000059060000,   0.00146,
,,,0.000059070000,   0.00146,
,,,0.000059080000,   0.00146,
,,,0.000059090000,   0.00146,
,,,0.000059100000,   0.00146,
,,,0.000059110000,   0.00146,
,,,0.000059120000,   0.00146,
,,,0.000059130000,   0.00146,
,,,0.000059140000,   0.00146,
,,,0.000059150000,   0.00146,
,,,0.000059160000,   0.00146,
,,,0.000059170000,   0.00146,
,,,0.000059180000,   0.00146,
,,,0.000059190000,   0.00146,
,,,0.000059200000,   0.00146,
,,,0.000059210000,   0.00146,
,,,0.000059220000,   0.00146,
,,,0.000059230000,   0.00146,
,,,0.000059240000,   0.00146,
,,,0.000059250000,   0.00146,
,,,0.000059260000,   0.00146,
,,,0.000059270000,   0.00146,
,,,0.000059280000,   0.00146,
,,,0.000059290000,   0.00146,
,,,0.000059300000,   0.00146,
,,,0.000059310000,   0.00146,
,,,0.000059320000,   0.00146,
,,,0.000059330000,   0.00146,
,,,0.000059340000,   0.00146,
,,,0.000059350000,   0.00146,
,,,0.000059360000,   0.00146,
,,,0.000059370000,   0.00146,
,,,0.000059380000,   0.00146,
,,,0.000059390000,   0.00146,
,,,0.000059400000,   0.00146,
,,,0.000059410000,   0.00146,
,,,0.000059420000,   0.00146,
,,,0.000059430000,   0.00146,
,,,0.000059440000,   0.00146,
,,,0.000059450000,   0.00146,
,,,0.000059460000,   0.00146,
,,,0.000059470000,   0.00146,
,,,0.000059480000,   0.00146,
,,,0.000059490000,   0.00146,
,,,0.000059500000,   0.00146,
,,,0.000059510000,   0.00146,
,,,0.000059520000,   0.00146,
,,,0.000059530000,   0.00146,
,,,0.000059540000,   0.00146,
,,,0.000059550000,   0.00146,
,,,0.000059560000,   0.00146,
,,,0.000059570000,   0.00146,
,,,0.000059580000,   0.00146,
,,,0.000059590000,   0.00146,
,,,0.000059600000,   0.00146,
,,,0.000059610000,   0.00146,
,,,0.000059620000,   0.00146,
,,,0.000059630000,   0.00000,
,,,0.000059640000,   0.00146,
,,,0.000059650000,   0.00146,
,,,0.000059660000,   0.00000,
,,,0.000059670000,   0.00146,
,,,0.000059680000,   0.00000,
,,,0.000059690000,   0.00146,
,,,0.000059700000,   0.00146,
,,,0.000059710000,   0.00146,
,,,0.000059720000,   0.00146,
,,,0.000059730000,   0.00146,
,,,0.000059740000,   0.00146,
,,,0.000059750000,   0.00146,
,,,0.000059760000,   0.00000,
,,,0.000059770000,   0.00146,
,,,0.000059780000,   0.00146,
,,,0.000059790000,   0.00000,
,,,0.000059800000,   0.00146,
,,,0.000059810000,   0.00146,
,,,0.000059820000,   0.00146,
,,,0.000059830000,   0.00146,
,,,0.000059840000,   0.00146,
,,,0.000059850000,   0.00146,
,,,0.000059860000,   0.00000,
,,,0.000059870000,   0.00146,
,,,0.000059880000,   0.00146,
,,,0.000059890000,   0.00000,
,,,0.000059900000,   0.00146,
,,,0.000059910000,   0.00000,
,,,0.000059920000,   0.00146,
,,,0.000059930000,   0.00146,
,,,0.000059940000,   0.00000,
,,,0.000059950000,   0.00146,
,,,0.000059960000,   0.00146,
,,,0.000059970000,   0.00146,
,,,0.000059980000,   0.00146,
,,,0.000059990000,   0.00000,
,,,0.000060000000,   0.00146,
,,,0.000060010000,   0.00000,
,,,0.000060020000,   0.00146,
,,,0.000060030000,   0.00000,
,,,0.000060040000,   0.00146,
,,,0.000060050000,   0.00146,
,,,0.000060060000,   0.00000,
,,,0.000060070000,   0.00146,
,,,0.000060080000,   0.00146,
,,,0.000060090000,   0.00146,
,,,0.000060100000,   0.00146,
,,,0.000060110000,   0.00146,
,,,0.000060120000,   0.00000,
,,,0.000060130000,   0.00146,
,,,0.000060140000,   0.00146,
,,,0.000060150000,   0.00146,
,,,0.000060160000,   0.00146,
,,,0.000060170000,   0.00146,
,,,0.000060180000,   0.00146,
,,,0.000060190000,   0.00146,
,,,0.000060200000,   0.00146,
,,,0.000060210000,   0.00146,
,,,0.000060220000,   0.00146,
,,,0.000060230000,   0.00146,
,,,0.000060240000,   0.00146,
,,,0.000060250000,   0.00146,
,,,0.000060260000,   0.00146,
,,,0.000060270000,   0.00146,
,,,0.000060280000,   0.00146,
,,,0.000060290000,   0.00146,
,,,0.000060300000,   0.00146,
,,,0.000060310000,   0.00146,
,,,0.000060320000,   0.00146,
,,,0.000060330000,   0.00146,
,,,0.000060340000,   0.00146,
,,,0.000060350000,   0.00146,
,,,0.000060360000,   0.00146,
,,,0.000060370000,   0.00146,
,,,0.000060380000,   0.00146,
,,,0.000060390000,   0.00146,
,,,0.000060400000,   0.00146,
,,,0.000060410000,   0.00146,
,,,0.000060420000,   0.00146,
,,,0.000060430000,   0.00146,
,,,0.000060440000,   0.00146,
,,,0.000060450000,   0.00146,
,,,0.000060460000,   0.00146,
,,,0.000060470000,   0.00146,
,,,0.000060480000,   0.00146,
,,,0.000060490000,   0.00146,
,,,0.000060500000,   0.00146,
,,,0.000060510000,   0.00146,
,,,0.000060520000,   0.00146,
,,,0.000060530000,   0.00146,
,,,0.000060540000,   0.00146,
,,,0.000060550000,   0.00146,
,,,0.000060560000,   0.00146,
,,,0.000060570000,   0.00146,
,,,0.000060580000,   0.00146,
,,,0.000060590000,   0.00146,
,,,0.000060600000,   0.00146,
,,,0.000060610000,   0.00146,
,,,0.000060620000,   0.00146,
,,,0.000060630000,   0.00146,
,,,0.000060640000,   0.00146,
,,,0.000060650000,   0.00146,
,,,0.000060660000,   0.00146,
,,,0.000060670000,   0.00146,
,,,0.000060680000,   0.00146,
,,,0.000060690000,   0.00146,
,,,0.000060700000,   0.00146,
,,,0.000060710000,   0.00146,
,,,0.000060720000,   0.00146,
,,,0.000060730000,   0.00146,
,,,0.000060740000,   0.00146,
,,,0.000060750000,   0.00146,
,,,0.000060760000,   0.00146,
,,,0.000060770000,   0.00146,
,,,0.000060780000,   0.00146,
,,,0.000060790000,   0.00146,
,,,0.000060800000,   0.00146,
,,,0.000060810000,   0.00146,
,,,0.000060820000,   0.00146,
,,,0.000060830000,   0.00146,
,,,0.000060840000,   0.00146,
,,,0.000060850000,   0.00146,
,,,0.000060860000,   0.00146,
,,,0.000060870000,   0.00146,
,,,0.000060880000,   0.00146,
,,,0.000060890000,   0.00146,
,,,0.000060900000,   0.00146,
,,,0.000060910000,   0.00146,
,,,0.000060920000,   0.00146,
,,,0.000060930000,   0.00146,
,,,0.000060940000,   0.00146,
,,,0.000060950000,   0.00000,
,,,0.000060960000,   0.00146,
,,,0.000060970000,   0.00146,
,,,0.000060980000,   0.00000,
,,,0.000060990000,   0.00146,
,,,0.000061000000,   0.00000,
,,,0.000061010000,   0.00146,
,,,0.000061020000,   0.00000,
,,,0.000061030000,   0.00000,
,,,0.000061040000,   0.00146,
,,,0.000061050000,   0.00146,
,,,0.000061060000,   0.00146,
,,,0.000061070000,   0.00000,
,,,0.000061080000,   0.00000,
,,,0.000061090000,   0.00146,
,,,0.000061100000,   0.00000,
,,,0.000061110000,   0.00000,
,,,0.000061120000,   0.00146,
,,,0.000061130000,   0.00146,
,,,0.000061140000,   0.00146,
,,,0.000061150000,   0.00000,
,,,0.000061160000,   0.00000,
,,,0.000061170000,   0.00146,
,,,0.000061180000,   0.00146,
,,,0.000061190000,   0.00146,
,,,0.000061200000,   0.00146,
,,,0.000061210000,   0.00000,
,,,0.000061220000,   0.00146,
,,,0.000061230000,   0.00146,
,,,0.000061240000,   0.00000,
,,,0.000061250000,   0.00000,
,,,0.000061260000,   0.00146,
,,,0.000061270000,   0.00146,
,,,0.000061280000,   0.00146,
,,,0.000061290000,   0.00146,
,,,0.000061300000,   0.00000,
,,,0.000061310000,   0.00000,
,,,0.000061320000,   0.00000,
,,,0.000061330000,   0.00146,
,,,0.000061340000,   0.00000,
,,,0.000061350000,   0.00000,
,,,0.000061360000,   0.00000,
,,,0.000061370000,   0.00000,
,,,0.000061380000,   0.00146,
,,,0.000061390000,   0.00146,
,,,0.000061400000,   0.00000,
,,,0.000061410000,   0.00000,
,,,0.000061420000,   0.00000,
,,,0.000061430000,   0.00146,
,,,0.000061440000,   0.00000,
,,,0.000061450000,   0.00000,
,,,0.000061460000,   0.00000,
,,,0.000061470000,   0.00000,
,,,0.000061480000,   0.00000,
,,,0.000061490000,   0.00000,
,,,0.000061500000,   0.00000,
,,,0.000061510000,   0.00000,
,,,0.000061520000,   0.00000,
,,,0.000061530000,   0.00000,
,,,0.000061540000,   0.00000,
,,,0.000061550000,   0.00000,
,,,0.000061560000,   0.00000,
,,,0.000061570000,   0.00000,
,,,0.000061580000,   0.00000,
,,,0.000061590000,   0.00000,
,,,0.000061600000,   0.00000,
,,,0.000061610000,   0.00000,
,,,0.000061620000,   0.00000,
,,,0.000061630000,   0.00000,
,,,0.000061640000,   0.00000,
,,,0.000061650000,   0.00000,
,,,0.000061660000,   0.00000,
,,,0.000061670000,   0.00000,
,,,0.000061680000,   0.00000,
,,,0.000061690000,   0.00000,
,,,0.000061700000,   0.00000,
,,,0.000061710000,   0.00000,
,,,0.000061720000,   0.00000,
,,,0.000061730000,   0.00000,
,,,0.000061740000,   0.00000,
,,,0.000061750000,   0.00000,
,,,0.000061760000,   0.00000,
,,,0.000061770000,   0.00000,
,,,0.000061780000,   0.00000,
,,,0.000061790000,   0.00000,
,,,0.000061800000,   0.00000,
,,,0.000061810000,   0.00000,
,,,0.000061820000,   0.00000,
,,,0.000061830000,   0.00000,
,,,0.000061840000,   0.00000,
,,,0.000061850000,   0.00000,
,,,0.000061860000,   0.00000,
,,,0.000061870000,   0.00000,
,,,0.000061880000,   0.00000,
,,,0.000061890000,   0.00000,
,,,0.000061900000,   0.00000,
,,,0.000061910000,   0.00000,
,,,0.000061920000,   0.00000,
,,,0.000061930000,   0.00000,
,,,0.000061940000,   0.00000,
,,,0.000061950000,   0.00000,
,,,0.000061960000,   0.00000,
,,,0.000061970000,   0.00000,
,,,0.000061980000,   0.00000,
,,,0.000061990000,   0.00000,
,,,0.000062000000,   0.00000,
,,,0.000062010000,   0.00000,
,,,0.000062020000,   0.00000,
,,,0.000062030000,   0.00000,
,,,0.000062040000,   0.00000,
,,,0.000062050000,   0.00000,
,,,0.000062060000,   0.00000,
,,,0.000062070000,   0.00000,
,,,0.000062080000,   0.00000,
,,,0.000062090000,   0.00000,
,,,0.000062100000,   0.00000,
,,,0.000062110000,   0.00000,
,,,0.000062120000,   0.00000,
,,,0.000062130000,   0.00000,
,,,0.000062140000,   0.00000,
,,,0.000062150000,   0.00000,
,,,0.000062160000,   0.00000,
,,,0.000062170000,   0.00000,
,,,0.000062180000,   0.00000,
,,,0.000062190000,   0.00000,
,,,0.000062200000,   0.00000,
,,,0.000062210000,   0.00000,
,,,0.000062220000,   0.00000,
,,,0.000062230000,   0.00000,
,,,0.000062240000,   0.00000,
,,,0.000062250000,   0.00000,
,,,0.000062260000,   0.00000,
,,,0.000062270000,   0.00000,
,,,0.000062280000,   0.00000,
,,,0.000062290000,   0.00000,
,,,0.000062300000,   0.00000,
,,,0.000062310000,   0.00000,
,,,0.000062320000,   0.00000,
,,,0.000062330000,   0.00000,
,,,0.000062340000,   0.00000,
,,,0.000062350000,   0.00000,
,,,0.000062360000,   0.00000,
,,,0.000062370000,   0.00000,
,,,0.000062380000,   0.00000,
,,,0.000062390000,   0.00000,
,,,0.000062400000,   0.00000,
,,,0.000062410000,   0.00000,
,,,0.000062420000,   0.00000,
,,,0.000062430000,   0.00000,
,,,0.000062440000,   0.00000,
,,,0.000062450000,   0.00000,
,,,0.000062460000,   0.00000,
,,,0.000062470000,   0.00000,
,,,0.000062480000,   0.00000,
,,,0.000062490000,   0.00000,
,,,0.000062500000,   0.00000,
,,,0.000062510000,   0.00000,
,,,0.000062520000,   0.00000,
,,,0.000062530000,   0.00000,
,,,0.000062540000,   0.00000,
,,,0.000062550000,   0.00000,
,,,0.000062560000,   0.00000,
,,,0.000062570000,   0.00000,
,,,0.000062580000,   0.00000,
,,,0.000062590000,   0.00000,
,,,0.000062600000,   0.00000,
,,,0.000062610000,   0.00000,
,,,0.000062620000,   0.00000,
,,,0.000062630000,   0.00000,
,,,0.000062640000,   0.00000,
,,,0.000062650000,   0.00000,
,,,0.000062660000,   0.00000,
,,,0.000062670000,   0.00000,
,,,0.000062680000,   0.00000,
,,,0.000062690000,   0.00000,
,,,0.000062700000,   0.00000,
,,,0.000062710000,   0.00000,
,,,0.000062720000,   0.00000,
,,,0.000062730000,   0.00000,
,,,0.000062740000,   0.00000,
,,,0.000062750000,   0.00000,
,,,0.000062760000,   0.00000,
,,,0.000062770000,   0.00000,
,,,0.000062780000,   0.00000,
,,,0.000062790000,   0.00000,
,,,0.000062800000,   0.00000,
,,,0.000062810000,   0.00000,
,,,0.000062820000,   0.00000,
,,,0.000062830000,   0.00000,
,,,0.000062840000,   0.00000,
,,,0.000062850000,   0.00000,
,,,0.000062860000,   0.00000,
,,,0.000062870000,   0.00000,
,,,0.000062880000,   0.00000,
,,,0.000062890000,   0.00000,
,,,0.000062900000,   0.00000,
,,,0.000062910000,   0.00000,
,,,0.000062920000,   0.00000,
,,,0.000062930000,   0.00000,
,,,0.000062940000,   0.00000,
,,,0.000062950000,   0.00000,
,,,0.000062960000,   0.00000,
,,,0.000062970000,   0.00000,
,,,0.000062980000,   0.00000,
,,,0.000062990000,   0.00000,
,,,0.000063000000,   0.00000,
,,,0.000063010000,   0.00000,
,,,0.000063020000,   0.00000,
,,,0.000063030000,   0.00000,
,,,0.000063040000,   0.00000,
,,,0.000063050000,   0.00000,
,,,0.000063060000,   0.00000,
,,,0.000063070000,   0.00000,
,,,0.000063080000,   0.00000,
,,,0.000063090000,   0.00000,
,,,0.000063100000,   0.00000,
,,,0.000063110000,   0.00000,
,,,0.000063120000,   0.00000,
,,,0.000063130000,   0.00000,
,,,0.000063140000,   0.00000,
,,,0.000063150000,   0.00146,
,,,0.000063160000,   0.00000,
,,,0.000063170000,   0.00000,
,,,0.000063180000,   0.00000,
,,,0.000063190000,   0.00000,
,,,0.000063200000,   0.00000,
,,,0.000063210000,   0.00000,
,,,0.000063220000,   0.00000,
,,,0.000063230000,   0.00000,
,,,0.000063240000,   0.00000,
,,,0.000063250000,   0.00146,
,,,0.000063260000,   0.00146,
,,,0.000063270000,   0.00000,
,,,0.000063280000,   0.00000,
,,,0.000063290000,   0.00000,
,,,0.000063300000,   0.00146,
,,,0.000063310000,   0.00000,
,,,0.000063320000,   0.00146,
,,,0.000063330000,   0.00000,
,,,0.000063340000,   0.00146,
,,,0.000063350000,   0.00146,
,,,0.000063360000,   0.00146,
,,,0.000063370000,   0.00146,
,,,0.000063380000,   0.00146,
,,,0.000063390000,   0.00146,
,,,0.000063400000,   0.00146,
,,,0.000063410000,   0.00146,
,,,0.000063420000,   0.00000,
,,,0.000063430000,   0.00146,
,,,0.000063440000,   0.00000,
,,,0.000063450000,   0.00146,
,,,0.000063460000,   0.00146,
,,,0.000063470000,   0.00146,
,,,0.000063480000,   0.00146,
,,,0.000063490000,   0.00000,
,,,0.000063500000,   0.00146,
,,,0.000063510000,   0.00146,
,,,0.000063520000,   0.00146,
,,,0.000063530000,   0.00146,
,,,0.000063540000,   0.00000,
,,,0.000063550000,   0.00146,
,,,0.000063560000,   0.00146,
,,,0.000063570000,   0.00146,
,,,0.000063580000,   0.00146,
,,,0.000063590000,   0.00146,
,,,0.000063600000,   0.00146,
,,,0.000063610000,   0.00146,
,,,0.000063620000,   0.00146,
,,,0.000063630000,   0.00146,
,,,0.000063640000,   0.00146,
,,,0.000063650000,   0.00146,
,,,0.000063660000,   0.00146,
,,,0.000063670000,   0.00146,
,,,0.000063680000,   0.00146,
,,,0.000063690000,   0.00146,
,,,0.000063700000,   0.00146,
,,,0.000063710000,   0.00146,
,,,0.000063720000,   0.00146,
,,,0.000063730000,   0.00146,
,,,0.000063740000,   0.00146,
,,,0.000063750000,   0.00146,
,,,0.000063760000,   0.00146,
,,,0.000063770000,   0.00146,
,,,0.000063780000,   0.00146,
,,,0.000063790000,   0.00000,
,,,0.000063800000,   0.00146,
,,,0.000063810000,   0.00146,
,,,0.000063820000,   0.00000,
,,,0.000063830000,   0.00000,
,,,0.000063840000,   0.00146,
,,,0.000063850000,   0.00146,
,,,0.000063860000,   0.00146,
,,,0.000063870000,   0.00000,
,,,0.000063880000,   0.00000,
,,,0.000063890000,   0.00146,
,,,0.000063900000,   0.00146,
,,,0.000063910000,   0.00000,
,,,0.000063920000,   0.00000,
,,,0.000063930000,   0.00146,
,,,0.000063940000,   0.00146,
,,,0.000063950000,   0.00146,
,,,0.000063960000,   0.00146,
,,,0.000063970000,   0.00000,
,,,0.000063980000,   0.00000,
,,,0.000063990000,   0.00000,
,,,0.000064000000,   0.00146,
,,,0.000064010000,   0.00146,
,,,0.000064020000,   0.00146,
,,,0.000064030000,   0.00146,
,,,0.000064040000,   0.00146,
,,,0.000064050000,   0.00000,
,,,0.000064060000,   0.00000,
,,,0.000064070000,   0.00000,
,,,0.000064080000,   0.00146,
,,,0.000064090000,   0.00146,
,,,0.000064100000,   0.00000,
,,,0.000064110000,   0.00000,
,,,0.000064120000,   0.00000,
,,,0.000064130000,   0.00146,
,,,0.000064140000,   0.00146,
,,,0.000064150000,   0.00146,
,,,0.000064160000,   0.00146,
,,,0.000064170000,   0.00000,
,,,0.000064180000,   0.00000,
,,,0.000064190000,   0.00146,
,,,0.000064200000,   0.00146,
,,,0.000064210000,   0.00146,
,,,0.000064220000,   0.00146,
,,,0.000064230000,   0.00146,
,,,0.000064240000,   0.00146,
,,,0.000064250000,   0.00146,
,,,0.000064260000,   0.00146,
,,,0.000064270000,   0.00146,
,,,0.000064280000,   0.00000,
,,,0.000064290000,   0.00146,
,,,0.000064300000,   0.00000,
,,,0.000064310000,   0.00000,
,,,0.000064320000,   0.00000,
,,,0.000064330000,   0.00146,
,,,0.000064340000,   0.00146,
,,,0.000064350000,   0.00146,
,,,0.000064360000,   0.00146,
,,,0.000064370000,   0.00146,
,,,0.000064380000,   0.00000,
,,,0.000064390000,   0.00000,
,,,0.000064400000,   0.00000,
,,,0.000064410000,   0.00000,
,,,0.000064420000,   0.00146,
,,,0.000064430000,   0.00000,
,,,0.000064440000,   0.00000,
,,,0.000064450000,   0.00146,
,,,0.000064460000,   0.00146,
,,,0.000064470000,   0.00146,
,,,0.000064480000,   0.00000,
,,,0.000064490000,   0.00146,
,,,0.000064500000,   0.00146,
,,,0.000064510000,   0.00146,
,,,0.000064520000,   0.00146,
,,,0.000064530000,   0.00146,
,,,0.000064540000,   0.00000,
,,,0.000064550000,   0.00146,
,,,0.000064560000,   0.00146,
,,,0.000064570000,   0.00146,
,,,0.000064580000,   0.00000,
,,,0.000064590000,   0.00146,
,,,0.000064600000,   0.00146,
,,,0.000064610000,   0.00000,
,,,0.000064620000,   0.00146,
,,,0.000064630000,   0.00146,
,,,0.000064640000,   0.00146,
,,,0.000064650000,   0.00146,
,,,0.000064660000,   0.00146,
,,,0.000064670000,   0.00146,
,,,0.000064680000,   0.00146,
,,,0.000064690000,   0.00146,
,,,0.000064700000,   0.00146,
,,,0.000064710000,   0.00146,
,,,0.000064720000,   0.00146,
,,,0.000064730000,   0.00000,
,,,0.000064740000,   0.00146,
,,,0.000064750000,   0.00146,
,,,0.000064760000,   0.00146,
,,,0.000064770000,   0.00146,
,,,0.000064780000,   0.00146,
,,,0.000064790000,   0.00146,
,,,0.000064800000,   0.00146,
,,,0.000064810000,   0.00146,
,,,0.000064820000,   0.00146,
,,,0.000064830000,   0.00146,
,,,0.000064840000,   0.00146,
,,,0.000064850000,   0.00146,
,,,0.000064860000,   0.00146,
,,,0.000064870000,   0.00146,
,,,0.000064880000,   0.00146,
,,,0.000064890000,   0.00146,
,,,0.000064900000,   0.00146,
,,,0.000064910000,   0.00146,
,,,0.000064920000,   0.00146,
,,,0.000064930000,   0.00146,
,,,0.000064940000,   0.00146,
,,,0.000064950000,   0.00146,
,,,0.000064960000,   0.00146,
,,,0.000064970000,   0.00146,
,,,0.000064980000,   0.00146,
,,,0.000064990000,   0.00146,
,,,0.000065000000,   0.00146,
,,,0.000065010000,   0.00146,
,,,0.000065020000,   0.00146,
,,,0.000065030000,   0.00146,
,,,0.000065040000,   0.00146,
,,,0.000065050000,   0.00146,
,,,0.000065060000,   0.00146,
,,,0.000065070000,   0.00146,
,,,0.000065080000,   0.00146,
,,,0.000065090000,   0.00146,
,,,0.000065100000,   0.00146,
,,,0.000065110000,   0.00146,
,,,0.000065120000,   0.00146,
,,,0.000065130000,   0.00146,
,,,0.000065140000,   0.00146,
,,,0.000065150000,   0.00146,
,,,0.000065160000,   0.00146,
,,,0.000065170000,   0.00146,
,,,0.000065180000,   0.00146,
,,,0.000065190000,   0.00146,
,,,0.000065200000,   0.00146,
,,,0.000065210000,   0.00146,
,,,0.000065220000,   0.00146,
,,,0.000065230000,   0.00146,
,,,0.000065240000,   0.00146,
,,,0.000065250000,   0.00146,
,,,0.000065260000,   0.00146,
,,,0.000065270000,   0.00146,
,,,0.000065280000,   0.00146,
,,,0.000065290000,   0.00146,
,,,0.000065300000,   0.00146,
,,,0.000065310000,   0.00146,
,,,0.000065320000,   0.00146,
,,,0.000065330000,   0.00146,
,,,0.000065340000,   0.00146,
,,,0.000065350000,   0.00146,
,,,0.000065360000,   0.00146,
,,,0.000065370000,   0.00146,
,,,0.000065380000,   0.00146,
,,,0.000065390000,   0.00146,
,,,0.000065400000,   0.00146,
,,,0.000065410000,   0.00146,
,,,0.000065420000,   0.00146,
,,,0.000065430000,   0.00146,
,,,0.000065440000,   0.00146,
,,,0.000065450000,   0.00146,
,,,0.000065460000,   0.00146,
,,,0.000065470000,   0.00146,
,,,0.000065480000,   0.00146,
,,,0.000065490000,   0.00146,
,,,0.000065500000,   0.00146,
,,,0.000065510000,   0.00146,
,,,0.000065520000,   0.00146,
,,,0.000065530000,   0.00146,
,,,0.000065540000,   0.00146,
,,,0.000065550000,   0.00146,
,,,0.000065560000,   0.00146,
,,,0.000065570000,   0.00146,
,,,0.000065580000,   0.00146,
,,,0.000065590000,   0.00146,
,,,0.000065600000,   0.00146,
,,,0.000065610000,   0.00146,
,,,0.000065620000,   0.00146,
,,,0.000065630000,   0.00146,
,,,0.000065640000,   0.00146,
,,,0.000065650000,   0.00146,
,,,0.000065660000,   0.00146,
,,,0.000065670000,   0.00146,
,,,0.000065680000,   0.00146,
,,,0.000065690000,   0.00146,
,,,0.000065700000,   0.00146,
,,,0.000065710000,   0.00146,
,,,0.000065720000,   0.00146,
,,,0.000065730000,   0.00146,
,,,0.000065740000,   0.00146,
,,,0.000065750000,   0.00146,
,,,0.000065760000,   0.00146,
,,,0.000065770000,   0.00146,
,,,0.000065780000,   0.00146,
,,,0.000065790000,   0.00146,
,,,0.000065800000,   0.00146,
,,,0.000065810000,   0.00146,
,,,0.000065820000,   0.00146,
,,,0.000065830000,   0.00146,
,,,0.000065840000,   0.00146,
,,,0.000065850000,   0.00146,
,,,0.000065860000,   0.00146,
,,,0.000065870000,   0.00146,
,,,0.000065880000,   0.00146,
,,,0.000065890000,   0.00146,
,,,0.000065900000,   0.00146,
,,,0.000065910000,   0.00146,
,,,0.000065920000,   0.00146,
,,,0.000065930000,   0.00146,
,,,0.000065940000,   0.00146,
,,,0.000065950000,   0.00146,
,,,0.000065960000,   0.00146,
,,,0.000065970000,   0.00146,
,,,0.000065980000,   0.00146,
,,,0.000065990000,   0.00146,
,,,0.000066000000,   0.00146,
,,,0.000066010000,   0.00146,
,,,0.000066020000,   0.00146,
,,,0.000066030000,   0.00146,
,,,0.000066040000,   0.00146,
,,,0.000066050000,   0.00146,
,,,0.000066060000,   0.00146,
,,,0.000066070000,   0.00146,
,,,0.000066080000,   0.00146,
,,,0.000066090000,   0.00146,
,,,0.000066100000,   0.00146,
,,,0.000066110000,   0.00146,
,,,0.000066120000,   0.00146,
,,,0.000066130000,   0.00146,
,,,0.000066140000,   0.00146,
,,,0.000066150000,   0.00146,
,,,0.000066160000,   0.00146,
,,,0.000066170000,   0.00146,
,,,0.000066180000,   0.00146,
,,,0.000066190000,   0.00146,
,,,0.000066200000,   0.00146,
,,,0.000066210000,   0.00146,
,,,0.000066220000,   0.00146,
,,,0.000066230000,   0.00146,
,,,0.000066240000,   0.00146,
,,,0.000066250000,   0.00146,
,,,0.000066260000,   0.00146,
,,,0.000066270000,   0.00146,
,,,0.000066280000,   0.00146,
,,,0.000066290000,   0.00146,
,,,0.000066300000,   0.00146,
,,,0.000066310000,   0.00146,
,,,0.000066320000,   0.00146,
,,,0.000066330000,   0.00146,
,,,0.000066340000,   0.00146,
,,,0.000066350000,   0.00146,
,,,0.000066360000,   0.00000,
,,,0.000066370000,   0.00146,
,,,0.000066380000,   0.00000,
,,,0.000066390000,   0.00000,
,,,0.000066400000,   0.00000,
,,,0.000066410000,   0.00000,
,,,0.000066420000,   0.00000,
,,,0.000066430000,   0.00000,
,,,0.000066440000,   0.00000,
,,,0.000066450000,   0.00000,
,,,0.000066460000,   0.00000,
,,,0.000066470000,   0.00000,
,,,0.000066480000,   0.00000,
,,,0.000066490000,   0.00000,
